,name,type,category,price,datakey,url
781,[Chuyên đề] - Phát triển tư duy đột phá giải bài tập tài liệu dạy học Toán 9 Tập 1 - Nguyễn Đức Tấn.rar,toan-9,toan,150000,202,https://drive.google.com/drive/folders/1kOeVpxEFPN2-06kW4sKOCMWStm21u8qV?usp=sharing
782,[Chuyên đề] - Phương pháp sáng tạo các bài toán hình học THCS - TS Nguyễn Ngọc Giang.rar,toan-9,toan,150000,199,https://drive.google.com/drive/folders/1YZCW8J1B8OyJOXksNxmKDajv1t8JdZIU?usp=sharing
783,[Chuyên đề] - Phương pháp tư duy tìm cách giải toán ĐẠI SỐ 9 - Nguyễn Toàn Anh - [File Word].rar,toan-9,toan,199000,198,https://drive.google.com/drive/folders/10NEbqM8giUvdAp5WSLhzSWRv5ClgUZ64?usp=sharing
784,[Chuyên đề] - Phương pháp tư duy tìm cách giải toán Hình học 9 - Nguyễn Toàn Anh - [File Word].rar,toan-9,toan,199000,197,https://drive.google.com/drive/folders/1-4q_n0EdohLL-DNF4lV2ZvGCryI771sg?usp=sharing
785,[Chuyên đề] -Chinh phục Toán 9 bằng sơ đồ tư duy – Phạm Nguyên (Đại số – Tập 1) - [File Word].doc,toan-9,toan,99000,196,https://drive.google.com/file/d/1Ee0LeWmc43fkmIQ2SjvAWYVbZaF5hX7e/view?usp=sharing
786,[Chuyên đề] -Chinh phục Toán 9 bằng sơ đồ tư duy – Phạm Nguyên (Đại số – Tập 2) - [File Word].doc,toan-9,toan,99000,195,https://drive.google.com/file/d/10A23EI_5UkuxYvGuPYnBYx6wcxjt7J5S/view?usp=sharing
787,[Chuyên đề] -Chuyên đề toán thực tế dành cho học sinh THCS – Nghiêm Xuân Huy - [File Word].doc,toan-9,toan,99000,194,https://drive.google.com/file/d/1dteWm1ABcQu8gvkIoWXeKzZRKw0C6xZ_/view?usp=sharing
788,[Đề cương] - Đề cương ôn tập tổng hợp Toán 9.zip,toan-9,toan,99000,193,https://drive.google.com/drive/folders/1hRNidne18mA6l-ElMG1yZ9xipZK1vwuR?usp=sharing
789,[HSG] - Các chuyên đề bồi dưỡng HSG tổng hợp toán 9.zip,toan-9,toan,199000,191,https://drive.google.com/drive/folders/10Wl-J8GrDb_-j_Trfk9NRArF_ZxjSsQL?usp=sharing
790,[HSG] - Chuyên đề bồi dưỡng học sinh giỏi Toán THCS – chủ đề Số học - [File Word].doc,toan-9,toan,150000,190,https://drive.google.com/file/d/1EflhsvVgf7S37_6FerJAxlcypjYDanr-/view?usp=sharing
791,[HSG] - Chuyên đề bồi dưỡng học sinh giỏi toán THCS bất đẳng thức và cực trị trong Đại Số - Nguyễn Đức Tấn.zip,toan-9,toan,150000,189,https://drive.google.com/drive/folders/1ehbm-5K6lI4sNmeCWnFX7c5H6vhX74OJ?usp=sharing
792,[HSG] - Chuyên đề Bồi dưỡng học sinh giỏi toán THCS Bất đẳng thức và cực trị trong Hình học phẳng - Nguyễn Đức Tấn.zip,toan-9,toan,150000,188,https://drive.google.com/drive/folders/1lZnz5EVNO-aCW-qO_DAkCmTme_1E4Z_x?usp=sharing
793,[HSG] - CHUYÊN ĐỀ BỒI DƯỠNG HSG TOÁN 9 (Bản 1).zip,toan-9,toan,199000,187,https://drive.google.com/drive/folders/1aDXWtJ1JqS3u-XgWP7hHRcuQxo6s95Sc?usp=sharing
794,POWER POINT CHÍNH KHÓA – TOÁN 8 - CẢ NĂM - [CÁNH DIỀU],toan-8,toan,399000,33659,https://drive.google.com/drive/folders/1m5JuktYfCY_ZnnqjKcL764U9n4F0hXf5
795,KHBD GIÁO ÁN WORD CHÍNH KHÓA – TOÁN 8 - CẢ NĂM - [CÁNH DIỀU],toan-8,toan,399000,33658,https://drive.google.com/drive/folders/1fCzX2Zj2wT1Zn4-eIRvaCvDRVlm-tYLC
796,KHBD GIÁO ÁN WORD CHÍNH KHÓA – TOÁN 8 - CẢ NĂM - [CHÂN TRỜI SÁNG TẠO],toan-8,toan,399000,26761,https://drive.google.com/drive/folders/1w36wv-olSx9GH21cL43EH0zQyB6eYUtL
797,POWER POINT CHÍNH KHÓA – TOÁN 8 - CẢ NĂM - [CHÂN TRỜI SÁNG TẠO],toan-8,toan,399000,26760,https://drive.google.com/drive/folders/1gLe6ql8Q0IheGQ0TH2ngUUWmhOUyHsY6
798,PHÂN CÁC DẠNG TOÁN THỰC TẾ 8 THEO CHỦ ĐỀ (Dung chung 3 sách GDPT2018).zip,toan-8,toan,399000,22322,https://drive.google.com/drive/u/0/folders/1N6ww479ZNk19epWkyLRJxq93rKYr4-k7
799,BỘ ĐỀ ÔN TẬP KIỂM TRA CUỐI KÌ 2 TOÁN 8 KẾT NỐI TRI THỨC,toan-8,toan,120000,18762,https://drive.google.com/drive/folders/1uMmmrD1FPngCmaRpi-pNwrq24LQ3D5lC?usp=sharing
801,BỘ ĐỀ ÔN TẬP KIỂM TRA CUỐI KÌ 2 TOÁN 8 CÁNH DIỀU,toan-8,toan,120000,18760,https://drive.google.com/drive/folders/1CsnpTs4EG1rbNJi7XFQauMGZV3GWsouS?usp=drive_link
802,CHUYÊN ĐỀ ÔN LUYỆN CẢ NĂM - TOÁN 8 (Theo sách mới),toan-8,toan,399000,18154,https://drive.google.com/drive/folders/1DCJZq7KUnCmi8a6zyBC0klf5G0SmOTwK?usp=drive_link
803,GÓI ÔN TẬP KIỂM TRA CUỐI KÌ 1 - TOÁN 8 CHÂN TRỜI SÁNG TẠO,toan-8,toan,120000,14960,https://drive.google.com/drive/folders/1RM8nQ8ARPfUaIbVej2J5VQqRfSF1O1wj?usp=drive_link
804,GÓI ÔN TẬP KIỂM TRA CUỐI KÌ 1 - TOÁN 8 CÁNH DIỀU,toan-8,toan,120000,14925,https://drive.google.com/drive/folders/1PMsHBVWFYhjhYIATQQbzKYK20lWVCF2C?usp=drive_link
805,GÓI ÔN TẬP KIỂM TRA CUỐI KÌ 1 - TOÁN 8 KẾT NỐI TRI THỨC,toan-8,toan,120000,14913,https://drive.google.com/drive/folders/1Qaj1-3JxQVWGpHPpRvpbeseJmMGw04Fx?usp=drive_link
806,TÀI LIỆU DẠY THÊM TOÁN 8 - DÙNG CHO 3 SÁCH (Bản word),toan-8,toan,299000,14572,https://drive.google.com/drive/u/0/folders/1AbmRHXDSgLS5WKs1YH1vJQEflTpOVTYp
807,Bài giảng chuyên đề bồi dưỡng năng lực Toán 8 (Dùng 3 sách chương trình mới),toan-8,toan,299000,14571,https://drive.google.com/drive/u/0/folders/1O9QnSVKGiCKgWid30wR9RKabFzY4uC61
808,POWER POINT CHÍNH KHÓA – TOÁN 8 - CẢ NĂM - [KẾT NỐI TRI THỨC],toan-8,toan,399000,12444,https://drive.google.com/drive/u/0/folders/1NzF2N8var2Hv9Xg6jwOMnhUyYDMo0XSM
809,"Bộ đề kiểm tra GK1 môn Toán lớp 8 - CÁNH DIỀU (Word, giải, ma trận, đặc tả)",toan-8,toan,130000,12443,https://drive.google.com/drive/u/0/folders/1K4tj0wu-yAUy1VY4xZe1aSxmGZxC4gUg
810,"Bộ đề kiểm tra GK1 môn Toán lớp 8 - CHÂN TRỜI SÁNG TẠO (Word, giải, ma trận, đặc tả)",toan-8,toan,130000,12442,https://drive.google.com/drive/u/0/folders/1NE10yAwEDwrmLqI0ZV9i0jQ__IDQGX2C
811,"Bộ đề kiểm tra GK1 môn Toán lớp 8 - KẾT NỐI TRI THỨC (Word, giải, ma trận, đặc tả)",toan-8,toan,130000,12441,https://drive.google.com/drive/u/0/folders/11pgKqQ0ys2QXlwNnXLaED8cNuRFRtOEP
812,Giáo án KHBD Word và PPT tích hợp - Toán 8 - CHÂN TRỜI SÁNG TẠO.zip,toan-8,toan,399000,11953,https://drive.google.com/drive/folders/1aC2YbPQnG8H7mGrnyAuBhtxgBA7Ty1qj
813,114 đề kiểm tra Cuối Kì 1 môn Toán 8 24-25 - Các trường cả nước (Dùng chung 3 sách).zip,toan-8,toan,399000,27725,https://drive.google.com/drive/u/0/folders/1DcCKj0uou0XGG1vRuhKQ2m67FvZdmQ6D
814,KHBD GIÁO ÁN WORD CHÍNH KHÓA – TOÁN 8 - CẢ NĂM - [KẾT NỐI TRI THỨC],toan-8,toan,399000,26762,https://drive.google.com/drive/u/0/folders/1ze_BG8MQnCvCKhghPO8mqvhWnWjPsDOy
819,BỘ ĐỀ ÔN TẬP KIỂM TRA GIỮA KÌ 2 TOÁN 8 KẾT NỐI TRI THỨC,toan-8,toan,120000,16806,https://drive.google.com/drive/folders/18omT1EFZxHs8v-NIFccpxxuKoiT7aeuU?usp=drive_link
820,BỘ ĐỀ ÔN TẬP KIỂM TRA GIỮA KÌ 2 TOÁN 8 CHÂN TRỜI SÁNG TẠO,toan-8,toan,120000,16794,https://drive.google.com/drive/folders/1GYfhWzLdjwhs3cUMupm0cYvye7Gg2Oon?usp=drive_link
821,"TOÁN DẠY THÊM, PHIẾU BÀI TẬP LỚP 8 MỚI - KNTT - WORD.zip",toan-8,toan,199000,11724,https://drive.google.com/drive/u/0/folders/10aiyF8nDKUaoAdCkj3nEwBHB2XVGSgCg
822,BỘ CHUYÊN ĐỀ BÀI TẬP TOÁN 8 SÁCH GIÁO KHOA MỚI 2023 (KNTT - CTST - CD) - Bản word.rar,toan-8,toan,299000,10597,https://drive.google.com/drive/folders/1VcC2yhr5b97dty3w2v4jSz85YcbChf7r?usp=sharing
823,[Giáo án] - Giáo án theo CV 5512 môn Toán 8.zip,toan-8,toan,99000,269,https://drive.google.com/drive/folders/1rjmgZB3wznrlqSxzXA6aggtlu1iVrJ5h?usp=sharing
824,[Giáo án] - Giáo án tinh giản 3280 môn Toán 8.zip,toan-8,toan,50000,268,https://drive.google.com/drive/folders/10p3oA8BISS55Z67-WAj2QjKNFOnMuP3B?usp=sharing
825,[Giáo án] - Giáo án Word cả năm Toán 8.zip,toan-8,toan,50000,267,https://drive.google.com/drive/folders/1F9yPbU8o5ZgvJhxPru7PesfGf2-CA4L6?usp=sharing
826,[Giáo án] - Giáo án Word theo phương pháp mới môn Toán lớp 8 (5 bước).zip,toan-8,toan,50000,266,https://drive.google.com/drive/folders/1Wcxgm4sPYXJ6fIQmQcYvp2bKDH1KJUAe?usp=sharing
827,[Giáo án] - Giáo án môn Toán lớp 8 cả năm (3 cột).zip,toan-8,toan,50000,265,https://drive.google.com/drive/folders/187avalQQVgh377LGDUhJYUj1gTRVeufQ?usp=sharing21
828,[Đề kiểm tra] - 100 Đề kiểm tra Toán 8 - Nguyễn Đức Tấn - [File Word].rar,toan-8,toan,150000,264,https://drive.google.com/drive/folders/1o37L9oqDIRvgprr76a9vgOKtsjlKi-Ve?usp=sharing
829,Đề thi HK1 Toán 8 năm 2019-2020 - Trường THPT Nguyễn Tất Thành - Hà Nội (có lời giải chi tiết).doc,toan-8,toan,2000,263,https://drive.google.com/file/d/1ZzoyWsCWJSpArwzzOmWqXleSvzJpMbZD/view?usp=sharing
830,Đề thi HK1 Toán 8 năm 2019-2020 - Trường THPT Lương Thế Vinh - Hà Nội (có giải chi tiết).doc,toan-8,toan,2000,262,https://drive.google.com/file/d/1zjUZcDGguxFJrBFGgXqVmMNJaW_IY3Ne/view?usp=sharing
831,Đề thi HK1 Toán 8 năm 2019-2020 - Trường THCS Vinschool - Hà Nội (có giải chi tiết).doc,toan-8,toan,2000,261,https://drive.google.com/file/d/1mWnM-Qp4i2X6sKd3hBu-CG2aHMB-HjvR/view?usp=sharing
832,Đề thi HK1 Toán 8 năm 2019-2020 - Trường THCS Phú Tân_done.doc,toan-8,toan,2000,260,https://drive.google.com/file/d/1Hj2Mke9grK_tuAl9-vM5SqjR391UW4Ap/view?usp=sharing
833,Đề thi HK1 Toán 8 năm 2019-2020 - Sở GD Bắc Ninh (có giải chi tiết).doc,toan-8,toan,2000,259,https://drive.google.com/file/d/1_Ngt9gWRPPS9n_StcFIwlnO1IZUN5An0/view?usp=sharing
834,Đề thi HK1 Toán 8 năm 2019-2020 - Quận Nam Từ Liêm - Hà Nội (có lời giải chi tiết).doc,toan-8,toan,2000,258,https://drive.google.com/file/d/1gAudnuZkfpmyLPMFr6ItwZtSSZYAhJHo/view?usp=sharing
835,Đề thi HK1 Toán 8 năm 2019-2020 - Quận Đống Đa - Hà Nội (có giải chi tiết).doc,toan-8,toan,2000,257,https://drive.google.com/file/d/1Gj7eMeYE7xnh1SOqDpz_AhUseyoXNCjM/view?usp=sharing
836,Đề thi HK1 Toán 8 năm 2019-2020 - Quận Bình Tân - TP Hồ Chí Minh (có lời giải chi tiết).doc,toan-8,toan,2000,256,https://drive.google.com/file/d/1Kll8_6Q-_cqiFUv_HgQFbZVnDLIqcMRK/view?usp=sharing
837,Đề thi HK1 Toán 8 năm 2019-2020 - Quận 1 - TP Hồ Chí Minh (có lời giải chi tiết).doc,toan-8,toan,2000,255,https://drive.google.com/file/d/1jL8gTw1jz8AYprLYugbFfB0ewhgVt4tn/view?usp=sharing
838,Đề thi HK1 Toán 8 năm 2019-2020 - Phòng Giáo dục Thành phố Quảng Ngãi (có giải chi tiết)-done.doc,toan-8,toan,2000,254,https://drive.google.com/file/d/1VGo_NbC-ZuLRQODM8OVUbWI8Ky9XcYrj/view?usp=sharing
839,Đề thi HK1 Toán 8 năm 2019-2020 - Phòng Giáo dục quận Tây Hồ - Hà Nội (có lời giải chi tiết).doc,toan-8,toan,2000,253,https://drive.google.com/file/d/10n6m0P3MJkeM29dDvTN5c_rmM93DNAoL/view?usp=sharing
840,Đề thi HK1 Toán 8 năm 2019-2020 - Phòng Giáo dục Gò Vấp - TP Hồ Chí Minh (có lời giải chi tiết).doc,toan-8,toan,2000,252,https://drive.google.com/file/d/1VeR1uso6O838fD0xaoa-rMYgxnIxfOF7/view?usp=sharing
841,Đề thi HK1 Toán 8 năm 2019-2020 - Huyện Thanh Trì - Hà Nội (có lời giải chi tiết).doc,toan-8,toan,2000,251,https://drive.google.com/file/d/1ajsYseXDnvJTUzIU35NnKWWXldjUxGCK/view?usp=sharing
842,Đề thi HK1 Toán 8 năm 2019-2020 - Huyện Hóc Môn - TP Hồ Chí Minh (có lời giải chi tiết).doc,toan-8,toan,2000,250,https://drive.google.com/file/d/1dD0dYNQFHKCMqblMYEwsSTEZY2j69H-j/view?usp=sharing
843,[Chuyên đề] - CĐ TOÁN 8 - Soạn bởi nhóm giáo viên chuyên Sư Phạm.zip,toan-8,toan,199000,249,https://drive.google.com/drive/folders/1iB67PzA1wvhAXOcF8x38r_j3z6Nn2vQ6?usp=sharing
844,204 đề thi HSG các năm Toán lớp 8 (Bản word).zip,toan-8,toan,199000,248,https://drive.google.com/drive/folders/1d1fzGl3hPSX7ERoBKBNWEcUW6nBEyRYg?usp=sharing
845,[Phiếu học tập] Phiếu học tập tuần - Toán học 8.zip,toan-8,toan,30000,247,https://drive.google.com/drive/folders/1pr3pIskXLiOMqJ5NIrv9sqoZuX0ZA968?usp=sharing
846,18 chuyên đề bồi dưỡng HSG Toán lớp 8 (Bản word).zip,toan-8,toan,199000,246,https://drive.google.com/drive/folders/1x6QURX0ACVg2FuteSr4Bn9vXs1vCSm3r?usp=sharing
847,Chuyên đề dạy thêm đầy đủ môn Toán lớp 8 (Bản word).zip,toan-8,toan,199000,245,https://drive.google.com/drive/folders/1OKG78SMqXiU7EADe6Q4bHIBxJisder56?usp=sharing
848,[HSG] - CHUYÊN ĐỀ BỒI DƯỠNG HSG TOÁN 8 (Bản 1).zip,toan-8,toan,199000,244,https://drive.google.com/drive/folders/1Y7ALINOO2hMN_aqOCJJqnlvFSDH3tkpe?usp=sharing
849,[Chuyên đề] - Bài giảng Toán 8 - [File Word].doc,toan-8,toan,50000,243,https://drive.google.com/file/d/1KgSayceNbcvw_7l2usCWcZFJxRXIpv-b/view?usp=sharing
850,[HSG] - 100 đề thi HSG Toán 8 - File word có lời giải chi tiết.zip,toan-8,toan,99000,242,https://drive.google.com/open?id=1bNI9FthPBbfQ1HyW0wFrzJyceLnNB9kt
851,[Chuyên đề] - Bài giảng và lời giải chi tiết Toán 8 Tập 2 - Lê Hồng Đức - [File Word].rar,toan-8,toan,99000,241,https://drive.google.com/drive/folders/1yIKUTlNPIXjqf4vb9RrchDRgNGpnPyE2?usp=sharing
852,[Chuyên đề] - Bồi dưỡng và phát triển tư duy đột phá Toán 8 (Tập 2 Hình học) - [File Word].doc,toan-8,toan,99000,240,https://drive.google.com/file/d/1SkJLpPe_B1NOHc75IdjF8F4FV-oI1cAm/view?usp=sharing
853,[Chuyên đề] - Các dạng toán và phương pháp giải Toán 8 – Ngô Văn Thọ - [File Word].doc,toan-8,toan,99000,239,https://drive.google.com/file/d/1FEMAObyU-IHmSe0YgRMDKvgn8Vx1H61R/view?usp=sharing
854,[Chuyên đề] - Chuyên đề phép nhân và phép chia các đa thức - [File Word].doc,toan-8,toan,50000,238,https://drive.google.com/file/d/1xRoET1vjNy6ORFO1K_1toz0rpMkN95D-/view?usp=sharing
855,[Chuyên đề] - Kỹ năng giải toán căn bản và mở rộng lớp 8 - Tập 1 - Ths Nguyễn Văn Nho - [File Word].rar,toan-8,toan,150000,237,https://drive.google.com/drive/folders/16OWegvnxezIlyb2HnUtTGJ4zjBNRUI1t?usp=sharing
856,[Chuyên đề] - Kỹ năng giải toán căn bản và mở rộng lớp 8 - Tập 2 - Ths Nguyễn Văn Nho - [File Word].rar,toan-8,toan,150000,236,https://drive.google.com/drive/folders/1ZZjM33dEWnD2iJoDqHhz3zBu8TOPrIpG?usp=sharing
857,[Chuyên đề] - Nâng cao và phát triển Toán 8 – Vũ Hữu Bình (Tập 1) - [File Word].doc,toan-8,toan,99000,235,https://drive.google.com/file/d/1JRlWDUcktJDlaLxJYNxBhh-CihoIprFc/view?usp=sharing
858,[Chuyên đề] - Phát triển tư duy sáng tạo Đại số - Toán học 8 - File word.doc,toan-8,toan,99000,234,https://drive.google.com/file/d/1O70ezl0bFocfnLqnpmdSbToVQy0C8_R0/view?usp=sharing
859,[Chuyên đề] - Phát triển tư duy sáng tạo Giải toán Đại số 8 - Bùi Văn Tuyên - [File Word].rar,toan-8,toan,150000,233,https://drive.google.com/drive/folders/1VlVx4DmQNmc9z_hP14BHANbQZcdRoP3F?usp=sharing
860,[Chuyên đề] - Phát triển tư duy sáng tạo giải toán hình học 8 - Bùi Văn Tuyên - [File Word].rar,toan-8,toan,150000,232,https://drive.google.com/drive/folders/1Vm1CGuPiMfvssZhwo4dU859qm20SQq5p?usp=sharing
861,[Chuyên đề] - Phát triển tư duy sáng tạo Hình Học - Toán học 8 - File word.zip,toan-8,toan,150000,231,https://drive.google.com/drive/folders/1v0k-9K2Y6FEpFhPfAoIMf3PuxKiXBfyX?usp=sharing
862,[Chuyên đề] - Tổng hợp lý thuyết và các dạng bài tập Đại số lớp 8 - Kiều Văn Tuấn - [File Word].rar,toan-8,toan,150000,230,https://drive.google.com/drive/folders/1MmyAp9g0PpXmFUKwwul-OUJz7pG7vyAp?usp=sharing
863,[Đề cương] Đề cương ôn tập tổng hợp Toán 8.zip,toan-8,toan,99000,229,https://drive.google.com/drive/folders/1zjsHlDJ7E5OhsBfjqewiqpbyCHkxIb38?usp=sharing
864,TUYỂN TẬP 146 ĐỀ THI CUỐI KỲ I - TOÁN 7 - CHƯƠNG TRÌNH MỚI.zip,toan-7,toan,299000,27973,https://drive.google.com/open?id=146YkmNos6iVNrqJAoJkNdZ_kyKzsm2P0&usp=drive_copy
865,BỘ ĐỀ ÔN TẬP KIỂM TRA CUỐI KÌ 2 TOÁN 7 - CÁNH DIỀU,toan-7,toan,99000,18973,https://drive.google.com/drive/folders/1TGgWNzqcOc7wqcdQcnVqTtwEPg8QlR9I?usp=sharing
866,BỘ ĐỀ ÔN TẬP KIỂM TRA CUỐI KÌ 2 TOÁN 7 - KẾT NỐI TRI THỨC,toan-7,toan,99000,18960,https://drive.google.com/drive/folders/1NDWtBpZta2FjG6-OgQq93ECA3D8fHrvd?usp=drive_link
867,BỘ ĐỀ ÔN TẬP CUỐI KÌ 2 TOÁN 7 - CHÂN TRỜI SÁNG TẠO,toan-7,toan,99000,18959,https://drive.google.com/drive/folders/1uc5Rdvplork5T2dT3uXBjCNp6JjTB5O6?usp=drive_link
868,CHUYÊN ĐỀ ÔN LUYỆN CẢ NĂM - TOÁN 7 (Theo sách mới),toan-7,toan,399000,18153,https://drive.google.com/drive/u/0/folders/1tCNPYLl-fSxOE5FZ9MDv93-jPjKmJpj8
869,BỘ ĐỀ ÔN TẬP KIỂM TRA GIỮA KÌ 2 TOÁN 7 - KẾT NỐI TRI THỨC,toan-7,toan,99000,17012,https://drive.google.com/drive/folders/1suSO592oMmuCEY6r9UlG8ST1OO5RC7KY?usp=drive_link
870,BỘ ĐỀ ÔN TẬP KIỂM TRA GIỮA KÌ 2 TOÁN 7 - CHÂN TRỜI SÁNG TẠO,toan-7,toan,99000,16965,https://drive.google.com/drive/folders/1hWwXK1vrs-4XACC1pawET1GAC4Q7aVsn?usp=drive_link
871,BỘ ĐỀ ÔN TẬP KIỂM TRA GIỮA KÌ 2 TOÁN 7 - CÁNH DIỀU,toan-7,toan,99000,16933,https://drive.google.com/drive/folders/11wq_86-baJSnuBmAzT_pa4EUbs9VJRB-?usp=drive_link
872,BỘ ĐỀ ÔN TẬP KIỂM TRA CUỐI KÌ 1 TOÁN 7 - CHÂN TRỜI SÁNG TẠO,toan-7,toan,99000,14972,https://drive.google.com/drive/folders/1aXMBGtX7S5qn_ounnHmN9mPZP4-i6wnL?usp=drive_link
873,BỘ ĐỀ ÔN TẬP KIỂM TRA CUỐI KÌ 1 TOÁN 7 - CÁNH DIỀU,toan-7,toan,99000,14797,https://drive.google.com/drive/folders/1xQmdoiCodrmjHjb0A9GDyxGPpV4pfYQc?usp=drive_link
874,BỘ ĐỀ ÔN TẬP KIỂM TRA CUỐI KÌ 1 TOÁN 7 - KẾT NỐI TRI THỨC,toan-7,toan,99000,14770,https://drive.google.com/drive/folders/1MpKuWi1sJ3Oh9fTviNPDw5MZX80i-WiX?usp=drive_link
875,TRẮC NGHIỆM TỔNG HỢP THEO CHƯƠNG TOÁN 7 CÁNH DIỀU.zip,toan-7,toan,200000,14254,https://drive.google.com/drive/folders/1zpRv4Ojj_YLKphFWRs4U970sfCGb3dM9?usp=drive_link
876,TRẮC NGHIỆM TỔNG HỢP THEO CHƯƠNG TOÁN 7 CHÂN TRỜI SÁNG TẠO.zip,toan-7,toan,200000,14253,https://drive.google.com/drive/folders/1gHh2Rn48n9U9iYNBomGTxJcRaOhSkExU?usp=drive_link
877,Bài giảng Power Point SGK môn Toán lớp 7 cả năm - KẾT NỐI TRI THỨC,toan-7,toan,399000,14048,https://drive.google.com/drive/u/0/folders/1s83DtV5ycZsgOHlhHapbahWwqYB4X5Mb
878,Bài giảng Power Point SGK môn Toán lớp 7 cả năm - CHÂN TRỜI SÁNG TẠO,toan-7,toan,399000,14047,https://drive.google.com/drive/u/0/folders/1A_W-WpN0S82A_DtLYhYOEGQsmhaMbkB8
879,Bài giảng Power Point SGK môn Toán lớp 7 cả năm - CÁNH DIỀU,toan-7,toan,399000,14046,https://drive.google.com/drive/folders/1Yfkpr2WtgtedyUprNYZFWEhB8KlldK4o?usp=sharing
880,Giáo án word KHBD SGK môn Toán lớp 7 cả năm - KẾT NỐI TRI THỨC (Word),toan-7,toan,299000,14045,https://drive.google.com/drive/u/0/folders/12GnlVat9a6pHMliFUDlUlqIan-QkUaqy
881,Giáo án word KHBD SGK môn Toán lớp 7 cả năm - CHÂN TRỜI SÁNG TẠO (Word),toan-7,toan,299000,14044,https://drive.google.com/drive/u/0/folders/18ca7S31COjZnq-M2JW9j6gNSLTcoFq2y
882,Giáo án word KHBD SGK môn Toán lớp 7 cả năm - CÁNH DIỀU (Word),toan-7,toan,299000,14043,https://drive.google.com/drive/u/0/folders/16HtJOah0t7xY8t-rTbLM-a1VRMd-_2NB
883,Giáo án dạy thêm môn Toán lớp 7 cả năm - KẾT NỐI TRI THỨC (Word),toan-7,toan,299000,14042,https://drive.google.com/drive/u/0/folders/1PHa1sTrWrqkQQ-blh_FgemBIkGkU1Xi0
884,Giáo án dạy thêm môn Toán lớp 7 cả năm - CHÂN TRỜI SÁNG TẠO (Word),toan-7,toan,299000,14041,https://drive.google.com/drive/u/0/folders/1tuvfjKtUy79MYncZrw8O9NBiiwbmF36B
885,Giáo án dạy thêm môn Toán lớp 7 cả năm - CÁNH DIỀU (Word),toan-7,toan,299000,14040,https://drive.google.com/drive/u/0/folders/13WCQ8xVnXiZDEeaH-RHfeO02IHNR1Ixv
886,TRẮC NGHIỆM TỔNG HỢP THEO CHƯƠNG TOÁN 7 KẾT NỐI TRI THỨC.zip,toan-7,toan,200000,14038,https://drive.google.com/drive/folders/1BIdtORWqVGMkjUDTIqEVjFqyPqE8_d7a?usp=drive_link
887,BỘ ĐỀ KIỂM TRA GIỮA KÌ TOÁN 7 CÁNH DIỀU ( FILE WORD ),toan-7,toan,99000,13922,https://drive.google.com/drive/folders/1VlXf8acFBAD0XZ8eaDgtcqLY-LodJmhv?usp=drive_link
888,BỘ ĐỀ KIỂM TRA GIỮA KÌ TOÁN 7 CHÂN TRỜI SÁNG TẠO ( FILE WORD ),toan-7,toan,99000,13910,https://drive.google.com/drive/folders/1uc5Rdvplork5T2dT3uXBjCNp6JjTB5O6?usp=drive_link
889,BỘ ĐỀ KIỂM TRA GIỮA KÌ TOÁN 7 KẾT NỐI TRI THỨC ( FILE WORD ),toan-7,toan,99000,13898,https://drive.google.com/drive/folders/1YpPiACd3mdGm7PX1mevcb6lundlFiRA9?usp=drive_link
893,GIÁO ÁN KHBD TOÁN LỚP 7 CẢ NĂM 3 cột - KẾT NỐI TRI THỨC - WORD.zip,toan-7,toan,199000,10862,https://drive.google.com/drive/folders/105obTnxA5ZsyhuP7VsR_WW461tJCrNAh?usp=drive_link
894,BỘ CHUYÊN ĐỀ TÀI LIỆU DẠY THÊM TOÁN 7 - 2023.zip,toan-7,toan,199000,10596,https://drive.google.com/file/d/1VTyGYXY-w6c6RGaEYtCsJItgBUS9Tazz/view?usp=sharing
895,[Đề kiểm tra] - Đề kiểm tra định kỳ Toán 7 – Nguyễn Văn Chi - [File Word].doc,toan-7,toan,99000,332,https://drive.google.com/file/d/1-DTRMvGDiF4bfe23NxUrVH80n6hh1XuA/view?usp=sharing
896,40 đề kiểm tra học kỳ 1 năm 2019-2020 từ các trường sở giáo dục trên cả nươc (Có lời giải chi tiết).zip,toan-7,toan,80000,331,https://drive.google.com/drive/folders/1hUv6PS3jg3eVgFfHuofb4UQX7Yt_JTMH?usp=sharing
897,Đề thi HK1 Toán 7 năm 2019-2020 - UBND Quận 3 - TP HCM (có lời giải chi tiết).doc,toan-7,toan,2000,330,https://drive.google.com/file/d/1ZYa7iTGIQiZABBjnn2GEifNLGtD_iZeu/view?usp=sharing
898,Đề thi HK1 Toán 7 năm 2019-2020 - Trường THPT Lương Thế Vinh - Hà Nội (có lời giải chi tiết).doc,toan-7,toan,2000,329,https://drive.google.com/file/d/1DKd1np1P0bNhAHhUhsTDjZ7MdpF94QBd/view?usp=sharing
899,Đề thi HK1 Toán 7 năm 2019-2020 - Trường THCS Vinschool Hà Nội (có lời giải chi tiết).doc,toan-7,toan,2000,328,https://drive.google.com/file/d/10aIcJj_Ni9lwaHAzp_ZiWLsOI8egDGPf/view?usp=sharing
900,Đề thi HK1 Toán 7 năm 2019-2020 - Trường THCS Nguyễn Công Trứ - UBND Quận Ba Đình - Tp.Hà Nội (có lời giải chi tiết).doc,toan-7,toan,2000,327,https://drive.google.com/file/d/12wmhlOZsIQJaibhMkcaKZU8huD2tvsF3/view?usp=sharing
901,Đề thi HK1 Toán 7 năm 2019-2020 - Trường THCS Lê Ngọc Hân - Hà Nội (có lời giải chi tiết).doc,toan-7,toan,2000,326,https://drive.google.com/file/d/1O7L2Zo65FtzyJva5IHl13mldfxNtavVo/view?usp=sharing
902,Đề thi HK1 Toán 7 năm 2019-2020 - Trường THCS Dịch Vọng - Hà Nội (có lời giải chi tiết).doc,toan-7,toan,2000,325,https://drive.google.com/file/d/1pOEtiqAJatVtyqsGrO1Fi06P1PZEkucV/view?usp=sharing
903,Đề thi HK1 Toán 7 năm 2019-2020 - Trường Chuyên Amsterdam Hà Nội (có lời giải chi tiết).doc,toan-7,toan,2000,324,https://drive.google.com/file/d/1P0_nx7CvHQ8FmfDyZDmAk0X-WWmJEe-g/view?usp=sharing
904,Đề thi HK1 Toán 7 năm 2019-2020 - THCS Vân Trị (có lời giải chi tiết).doc,toan-7,toan,2000,323,https://drive.google.com/file/d/1mflDyQObT2n-HRd_aNgxIs-6ct1lFbZG/view?usp=sharing
905,Đề thi HK1 Toán 7 năm 2019-2020 - THCS Song Liễu - Bắc Ninh (có lời giải chi tiết).doc,toan-7,toan,2000,322,https://drive.google.com/file/d/14xpfG_xbHaC5EySLU5ZzYAGamIsg3Uet/view?usp=sharing
906,Đề thi HK1 Toán 7 năm 2019-2020 - THCS Sơn Hóa - Thanh Hóa (có lời giải chi tiết).doc,toan-7,toan,2000,321,https://drive.google.com/file/d/1XW1v5OfC2EBhzTsS_ji_Yp6sVqh85Qod/view?usp=sharing
907,Đề thi HK1 Toán 7 năm 2019-2020 - THCS Đại Kim - Hà Nội (có lời giải chi tiết).doc,toan-7,toan,2000,320,https://drive.google.com/file/d/1aNMdAFS6V3yIT2fQe2giaNchy7KuAoHQ/view?usp=sharing
908,Đề thi HK1 Toán 7 năm 2019-2020 - Sở GD_ĐT Tp.HCM - Trường THPT Chuyên Trần Đại Nghĩa (có lời giải chi tiết).doc,toan-7,toan,2000,319,https://drive.google.com/file/d/1-RbGCxOZB-KDAN0T9YyeRWXuokLkRk71/view?usp=sharing
909,Đề thi HK1 Toán 7 năm 2019-2020 - Sở GD_ĐT Thanh Hóa (có lời giải chi tiết).doc,toan-7,toan,2000,318,https://drive.google.com/file/d/19-p5WX8ayf1tcbMGHg_TU_iLNto7amaR/view?usp=sharing
910,Đề thi HK1 Toán 7 năm 2019-2020 - Sở GD_ĐT Thái Bình (có lời giải chi tiết).doc,toan-7,toan,2000,317,https://drive.google.com/file/d/1t8wev6y4GznJyx_1cUClpFWVTVMVWmXj/view?usp=sharing
911,Đề thi HK1 Toán 7 năm 2019-2020 - Sở GD_ĐT Ninh Bình (có lời giải chi tiết).doc,toan-7,toan,2000,316,https://drive.google.com/file/d/1ALu-uuB_QlfW_xfOdJmxLbzSKyPmPbjg/view?usp=sharing
912,Đề thi HK1 Toán 7 năm 2019-2020 - Sở GD_ĐT Nam Định (có lời giải chi tiết).doc,toan-7,toan,2000,315,https://drive.google.com/file/d/1E3lmdPFablohfRzCj4x36dmUT5rx-Z6d/view?usp=sharing
913,Đề thi HK1 Toán 7 năm 2019-2020 - Quận Ba Đình - Hà Nội (có lời giải chi tiết)_done.doc,toan-7,toan,2000,314,https://drive.google.com/file/d/1FJa68UuJn3HEOyQUDBpyGFxzuDOEniuI/view?usp=sharing
914,Đề thi HK1 Toán 7 năm 2019-2020 - Quận 12 - TPHCM (có lời giải chi tiết).doc,toan-7,toan,2000,313,https://drive.google.com/file/d/1vRLC6M3qj1QuNSu9w0EnaP0ixNqgTk75/view?usp=sharing
915,Đề thi HK1 Toán 7 năm 2019-2020 - Quận 1 - TPHCM (có lời giải chi tiết).doc,toan-7,toan,2000,312,https://drive.google.com/file/d/1n-ZLHpLOO6zXka5tctOzj7Em9y2BkXzV/view?usp=sharing
916,Đề thi HK1 Toán 7 năm 2019-2020 - Phòng GD_ĐT UBND Huyện Bình Xuyên - Tỉnh Vĩnh Phúc (Có lời giải chi tiết).doc,toan-7,toan,2000,311,https://drive.google.com/file/d/1yJklsQdXvdfgFefg-QcSMBIG_4cmG85O/view?usp=sharing
917,Đề thi HK1 Toán 7 năm 2019-2020 - Phòng GD_ĐT Quận Tân Phú - TP HCM (có lời giải chi tiết).doc,toan-7,toan,2000,310,https://drive.google.com/file/d/1ZO9JeyTCTTZNIHpx8pHr_3E2HrISrwQ8/view?usp=sharing
918,Đề thi HK1 Toán 7 năm 2019-2020 - Phòng GD_ĐT Quận Phú Nhuận - Tp.HCM (có lời giải chi tiết).doc,toan-7,toan,2000,309,https://drive.google.com/file/d/1h0nCd7LDC4Z05YQWleyE6yBaxbGc2cZK/view?usp=sharing
919,Đề thi HK1 Toán 7 năm 2019-2020 - Phòng GD_ĐT Quận Đống Đa - Tp.Hà Nội (có lời giải chi tiết).doc,toan-7,toan,2000,308,https://drive.google.com/file/d/1tO5uKndASTyICLOBvsfycwhX94ZpfaBL/view?usp=sharing
920,Đề thi HK1 Toán 7 năm 2019-2020 - Phòng GD_ĐT Quận 10 - TP HCM (có lời giải chi tiết).doc,toan-7,toan,2000,307,https://drive.google.com/file/d/1C5BKntfcjpVslOT_pmhtlH7AOuG0dO_h/view?usp=sharing
921,Đề thi HK1 Toán 7 năm 2019-2020 - Phòng GD_ĐT Huyện Thanh Trì - TP Hà Nội (có lời giải chi tiết).doc,toan-7,toan,2000,306,https://drive.google.com/file/d/1dYpqu4I6moTzIoAcTLnfJ9rIrrH7vy5e/view?usp=sharing
922,Đề thi HK1 Toán 7 năm 2019-2020 - Phòng GD_ĐT Huyện Thạch Thất - TP Hà Nội (có lời giải chi tiết).doc,toan-7,toan,2000,305,https://drive.google.com/file/d/1fGis-wBXbK-BFNWl3FTjTjN7zSiMazFz/view?usp=sharing
923,Đề thi HK1 Toán 7 năm 2019-2020 - Phòng GD_ĐT Huyện Hóc Môn - Tp.HCM (có lời giải chi tiết).doc,toan-7,toan,2000,304,https://drive.google.com/file/d/1-Px8iih_DCyincoH3ndh72O4jX1zJ84r/view?usp=sharing
924,Đề thi HK1 Toán 7 năm 2019-2020 - Phòng GD và ĐT UBND Huyện Kinh Môn -Tỉnh Hải Dương (có lời giải chi tiết).doc,toan-7,toan,2000,303,https://drive.google.com/file/d/1FHwiYGc_bBgV_gmgjelb0U-095V9tRxD/view?usp=sharing
925,Đề thi HK1 Toán 7 năm 2019-2020 - Phòng GD và ĐT Quảng Nam (có lời giải chi tiết).doc,toan-7,toan,2000,302,https://drive.google.com/file/d/10pDd6joHXZHc3U4v9t9hnU-QG8hjDY0t/view?usp=sharing
926,Đề thi HK1 Toán 7 - Phòng GD và ĐT Phú Mỹ - Tỉnh Bà Rịa Vũng Tàu (có lời giải chi tiết).doc,toan-7,toan,2000,301,https://drive.google.com/file/d/1HXqEMtKXZN1wJnlI1PNUFpilU24RKow_/view?usp=sharing
927,Đề thi HK1 Toán 7 - Phòng GD và ĐT Huyện Phú Vang - Tỉnh Thừa Thiên Huế (có lời giải chi tiết).doc,toan-7,toan,2000,300,https://drive.google.com/file/d/1CmCTv7BB6aSOZIge2L1Y8REWFege9NMG/view?usp=sharing
928,Đề thi HK1 Toán 7 - Huyện Vĩnh Tường - Vĩnh Phúc (có lời giải chi tiết).doc,toan-7,toan,2000,299,https://drive.google.com/file/d/1ZpZXyzqcQ953XOtNmxYe40NJEmopHlng/view?usp=sharing
929,Đề thi HK1 Toán 7 - Huyện Vĩnh Bảo - Hải Phòng (có lời giải chi tiết).doc,toan-7,toan,2000,298,https://drive.google.com/file/d/1c-Y4HTd3XEZdrxVgdlAEz1MT8_TdIk1R/view?usp=sharing
930,Đề thi HK1 Toán 7 - Huyện Thanh Trì - Hà Nội - Đề số 2 (có lời giải chi tiết).doc,toan-7,toan,2000,297,https://drive.google.com/file/d/1o93baF6V0Pi4tvjPWGX4D7WxPsp5jiBw/view?usp=sharing
931,Đề thi HK1 Toán 7 - Huyện Sơn Dương - Tỉnh Tuyên Quang (có lời giải chi tiết).doc,toan-7,toan,2000,296,https://drive.google.com/file/d/1nZc6emYICf_431o8lNaGMfsu44ecHnB3/view?usp=sharing
932,Đề thi HK1 Toán 7 - Huyện Nghĩa Hưng - Nam Định (có lời giải chi tiết).doc,toan-7,toan,2000,295,https://drive.google.com/file/d/1ms_dIY1Tcamo2VObC-6VWmK6qPZIc1Qd/view?usp=sharing
933,Đề thi HK1 Toán 7 - Huyện Nam Trực - Nam Định (có lời giải chi tiết).doc,toan-7,toan,2000,294,https://drive.google.com/file/d/1fSVy367gcOhTVSeijSvUsi3QFhtgD9KL/view?usp=sharing
934,Đề thi HK1 Toán 7 - Huyện Mộc Xuyên (có lời giải chi tiết).doc,toan-7,toan,2000,293,https://drive.google.com/file/d/1k12BGSNF1F4bCS-GyCwydGR4m8EJ9Mz0/view?usp=sharing
935,Đề thi HK1 Toán 7 - Huyện Đan Phượng - Hà Nội (có lời giải chi tiết)_done.doc,toan-7,toan,2000,292,https://drive.google.com/file/d/1gJkXZwM4JdBoaXIHZeAMFtsTdzZezzs3/view?usp=sharing
936,231 đề thi HSG các năm Toán lớp 7 (Bản word).zip,toan-7,toan,199000,291,https://drive.google.com/drive/folders/1p_MEkp0dWCX1WP8YxL6tDyJd1lrclGZa?usp=sharing
937,15 chuyên đề bồi dưỡng HSG Toán lớp 7 (Bản word).zip,toan-7,toan,199000,290,https://drive.google.com/drive/folders/1quX5inJ9HWw56dIHKDLwAlLfg2sxRqur?usp=sharing
938,[HSG] - CHUYÊN ĐỀ BỒI DƯỠNG HSG + ĐỀ TOÁN 7 (Bản 1).zip,toan-7,toan,150000,289,https://drive.google.com/drive/folders/1AxJ5_J_DGZpBokkmujfqgIRw8zRzDcmh?usp=sharing
939,[HSG] - Các chuyên đề bồi dưỡng học sinh giỏi Hình học 7 - [File Word].doc,toan-7,toan,99000,288,https://drive.google.com/file/d/1SKOO1KBJbn5-pI8Xhp-GJ5nolQIB8RmX/view?usp=sharing
940,[HSG] - 126 đề thi HSG môn Toán - Lớp 7 - File word có lời giải chi tiết.zip,toan-7,toan,99000,287,https://drive.google.com/open?id=1ehFZ0qru8eDEbr73CK49p8MVqp-o6lcC
942,[Giáo án] - Giáo án CV 5512 môn Toán 7.zip,toan-7,toan,99000,285,https://drive.google.com/drive/folders/102stAjFacn7IVtCKdtmTETlA9PHsJCtf?usp=sharing
943,[Giáo án] - Giáo án tinh giản 3280 môn Toán 7.zip,toan-7,toan,50000,284,https://drive.google.com/drive/folders/1WcvqQscYi6eWvOEO6A9WXc_jWo6biKPx?usp=sharing
944,[Giáo án] - Giáo án trên lớp đầy đủ Toán 7 (Word).zip,toan-7,toan,50000,282,https://drive.google.com/drive/folders/1e0rXiBr4tKA80vkVTdU0QJpP1Fac7Nn3?usp=sharing
945,[Chuyên đề] - CĐ TOÁN 7 - Soạn bởi nhóm giáo viên chuyên Sư Phạm.zip,toan-7,toan,199000,281,https://drive.google.com/drive/folders/1PiKgeHNLDJ-5r2Ez1C2ClZ24FKkl1Ruu?usp=sharing
946,Chuyên đề dạy thêm đầy đủ môn Toán lớp 7 (Bản word).zip,toan-7,toan,199000,280,https://drive.google.com/drive/folders/1Ui1byqr_cc3W50D-iTLz7k9dpxKDR0le?usp=sharing
947,[Chuyên đề] - Phát triển tư duy sáng tạo Giải toán hình học 7 - Bùi Văn Tuyên - [File Word].rar,toan-7,toan,150000,279,https://drive.google.com/drive/folders/1zidTkkM972jOL80UWz2DUt-ltDMcW0xk?usp=sharing
948,[Chuyên đề] - Phát triển tư duy sáng tạo Giải toán đại số 7 - Bùi Văn Tuyên.rar,toan-7,toan,150000,278,https://drive.google.com/drive/u/0/folders/1X31QHA1yNqkTfY_gsVYbiuVOoR2d1ZpN
949,[Chuyên đề] - Chuyên đề Toán 7 học kỳ 2 - [File Word].doc,toan-7,toan,99000,277,https://drive.google.com/file/d/1U89giGBQGD_RBqNQPDgvpMUrEMTU0ID3/view?usp=sharing
950,[Bài tập] - Phân dạng bài tập Toán 7 – Lê Hồng Quốc - [File Word].doc,toan-7,toan,99000,276,https://drive.google.com/file/d/17SospfIksX820WAA_AVSjDnyRhSqycqG/view?usp=sharing
951,[Lý thuyết] - Lý thuyết và bài tập Toán 7 – Nguyễn Cao Cường - [File Word].doc,toan-7,toan,50000,275,https://drive.google.com/file/d/1C0RK-BNkbjy0GWEgH73O8cboBiJtHUxk/view?usp=sharing
952,[Đề cương] - Đề cương tổng hợp hay Toán 7.zip,toan-7,toan,99000,274,https://drive.google.com/drive/folders/10u9jGjar8sLVWHu6W4PRLBVXApWOatxf?usp=sharing
953,[Phiếu học tập] - Phiếu học tập theo tuần Toán 7 (Word).zip,toan-7,toan,30000,273,https://drive.google.com/drive/folders/1xapuV2xU3R_yk-iCaCNld_sn8beHN708?usp=sharing
954,[Giáo án] - Giáo án Word theo phương pháp mới môn Toán lớp 7 (5 bước).zip,toan-7,toan,50000,272,https://drive.google.com/drive/folders/1y5eEfHE0-JRCc3ocFECTJDiVm6dtgAHt?usp=sharing
955,[Bài tập] - Các dạng toán và phương pháp giải Toán 7 – Ngô Văn Thọ - [File Word].doc,toan-7,toan,150000,271,https://drive.google.com/file/d/1nCv97c9NqP7UX--an1ex0pu--ujED8le/view?usp=sharing
956,[Bài tập] - 108 bài toán chọn lọc Toán 7 - [File Word].doc,toan-7,toan,30000,270,https://drive.google.com/file/d/1S4KK2ThjJqe773lbQ2AtUNUihdnhfsjy/view?usp=sharing
957,POWER POINT CHÍNH KHÓA – TOÁN 6 - CẢ NĂM - [CHÂN TRỜI SÁNG TẠO],toan-6,toan,399000,33147,https://drive.google.com/drive/folders/1_bWzP6FN0qzI8vyNnzEaUctX8uT4Yu08
958,POWER POINT CHÍNH KHÓA – TOÁN 6 - CẢ NĂM - [CÁNH DIỀU],toan-6,toan,399000,33146,https://drive.google.com/drive/folders/1u2QpJ8wzFSqLQssbj9meJ2JhdjJTPLkW
959,POWER POINT CHÍNH KHÓA – TOÁN 6 - CẢ NĂM - [KẾT NỐI TRI THỨC],toan-6,toan,399000,33145,https://drive.google.com/drive/folders/19AHIDXPmbF-U3r8kJKCn_A9h4lbMFHer
960,KHBD GIÁO ÁN WORD CHÍNH KHÓA – TOÁN 6 - CẢ NĂM - [CHÂN TRỜI SÁNG TẠO],toan-6,toan,399000,33143,https://drive.google.com/drive/folders/146GhR_W3Dr_yXE-FblYwQlrgDVjE1iRc
961,KHBD GIÁO ÁN WORD CHÍNH KHÓA – TOÁN 6 - CẢ NĂM - [CÁNH DIỀU],toan-6,toan,399000,33142,https://drive.google.com/drive/folders/16XcfBbJ_OZgcQXU_e4PqIHzn6w3en5U-
962,KHBD GIÁO ÁN WORD CHÍNH KHÓA – TOÁN 6 - CẢ NĂM - [KẾT NỐI TRI THỨC],toan-6,toan,399000,33140,https://drive.google.com/drive/folders/1oemuufuMLYk_cg1rcv4uL2UQ-5QsOYzB
963,TUYỂN TẬP 242 ĐỀ THI HỌC KỲ I TOÁN 6 - CHƯƠNG TRÌNH MỚI.zip,toan-6,toan,399000,27972,https://drive.google.com/open?id=17EFiK74OByKD59IQXu7qUel7u8ik2FIL&usp=drive_copy
964,BỘ ĐỀ ÔN TẬP KIỂM TRA CUỐI KÌ 2 TOÁN 6 KẾT NỐI TRI THỨC ( FILE WORD ),toan-6,toan,99000,18931,https://drive.google.com/drive/folders/1eJgy780lNYi9AqinLcq5zJuA68OU5zmR?usp=drive_link
965,BỘ ĐỀ ÔN TẬP KIỂM TRA CUỐI KÌ 2 TOÁN 6 CHÂN TRỜI SÁNG TẠO ( FILE WORD ),toan-6,toan,99000,18919,https://drive.google.com/drive/folders/145YUSCyesfOvYvSC8QtTMcAAs1XfAoyj?usp=drive_link
966,BỘ ĐỀ ÔN TẬP KIỂM TRA CUỐI KÌ 2 TOÁN 6 CÁNH DIỀU ( FILE WORD ),toan-6,toan,99000,18907,https://drive.google.com/drive/folders/1CbFr5op5Isq1T8gzsdk4Q6VHWmGfqpLl?usp=drive_link
967,CHUYÊN ĐỀ ÔN LUYỆN CẢ NĂM - TOÁN 6 (Theo sách mới),toan-6,toan,399000,18152,https://drive.google.com/drive/u/0/folders/1KnmtjJtIq55eix0DRLUcSF91TILIEB31
968,BỘ ĐỀ ÔN TẬP KIỂM TRA GIỮA KÌ 2 TOÁN 6 KẾT NỐI TRI THỨC,toan-6,toan,99000,16865,https://drive.google.com/drive/u/1/folders/1j8EOuziigHZpEJkZHsjKf6KFLaIzN2M1
969,BỘ ĐỀ ÔN TẬP KIỂM TRA GIỮA KÌ 2 TOÁN 6 CHÂN TRỜI SÁNG TẠO,toan-6,toan,99000,16853,https://drive.google.com/drive/u/1/folders/1ZBqGiP4p9qYGBf_3VNLMxxREqwrVpEia
970,BỘ ĐỀ ÔN TẬP KIỂM TRA GIỮA KÌ 2 TOÁN 6 CÁNH DIỀU,toan-6,toan,99000,16831,https://drive.google.com/drive/folders/18ayjsXH5bY-4xtDbwtuUUJLlVpeD4GJe?usp=drive_link
971,BỘ ĐỀ ÔN TẬP KIỂM TRA CUỐI KÌ 1 TOÁN 6 KẾT NỐI TRI THỨC ( FILE WORD ),toan-6,toan,99000,14529,https://drive.google.com/drive/folders/1mMD5oZLm12fUFWCypjApkcnqi-iRCq6x?usp=drive_link
972,BỘ ĐỀ ÔN TẬP KIỂM TRA CUỐI KÌ 1 TOÁN 6 CHÂN TRỜI SÁNG TẠO ( FILE WORD ),toan-6,toan,99000,14528,https://drive.google.com/drive/folders/1OHKFBy6hQ7g1ai37EthV31Oz9enpg4kI?usp=drive_link
973,BỘ ĐỀ ÔN TẬP KIỂM TRA CUỐI KÌ 1 TOÁN 6 CÁNH DIỀU ( FILE WORD ),toan-6,toan,99000,14527,https://drive.google.com/drive/folders/12a2RylUJUGmxp_x2UUM3Kc7q2GkCcBRM?usp=drive_link
974,BỘ ĐỀ ÔN TẬP KIỂM TRA GIỮA KÌ 1 TOÁN 6 KẾT NỐI TRI THỨC ( FILE WORD ),toan-6,toan,99000,13958,https://drive.google.com/drive/folders/1ByuPHOUx_w2siZN3DnpWbtV63V8GpiXU?usp=drive_link
975,BỘ ĐỀ ÔN TẬP KIỂM TRA GIỮA KÌ 1 TOÁN 6 CHÂN TRỜI SÁNG TẠO ( FILE WORD ),toan-6,toan,99000,13946,https://drive.google.com/drive/folders/1awbPTzfUrAAyJ9I4ShSOsduKV-yKfb4J?usp=drive_link
976,BỘ ĐỀ ÔN TẬP KIỂM TRA GIỮA KÌ 1 TOÁN 6 CÁNH DIỀU ( FILE WORD ),toan-6,toan,99000,13934,https://drive.google.com/drive/folders/1_B-HFLPdM9jnYW_jVvwDDruJ_NzJTkHA?usp=drive_link
977,CHUYÊN ĐỀ BỒI DƯỠNG HSG TOÁN 6.rar,toan-6,toan,250000,10739,https://drive.google.com/drive/folders/1ntqt7s6_zb6U26CL7n_TGCKT0MCe15Tg?usp=sharing
980,GIÁO ÁN KHBD TOÁN 6 KẾT NỐI TRI THỨC CẢ NĂM WORD VÀ PPT.zip,toan-6,toan,299000,10844,https://drive.google.com/drive/folders/1xISqvJQyVxyfpuwYbyj7I7tzGfLlV3e0?usp=drive_link
981,GIÁO ÁN KHBD TOÁN 6 KẾT NỐI TRI THỨC CẢ NĂM WORD - BỘ 2.zip,toan-6,toan,199000,10843,https://drive.google.com/drive/folders/1O4DOjQKoIDbwRcyX30nOqjqiGsRPoH4J?usp=drive_link
982,GIÁO ÁN KHBD TOÁN 6 CHÂN TRỜI SÁNG TẠO CẢ NĂM - WORD - BỘ 2.zip,toan-6,toan,199000,10842,https://drive.google.com/drive/folders/10JAhKVkcYCE1w5FUu22yLNA8smFV2NkM?usp=drive_link
983,GIÁO ÁN KHBD TOÁN 6 CHÂN TRỜI SÁNG TẠO CẢ NĂM - WORD - BỘ 1.zip,toan-6,toan,199000,10841,https://drive.google.com/drive/folders/1s5EtAXGd7F7nF6wCYvgZl-OjcTWKDzyF?usp=drive_link
984,GIÁO ÁN KHBD TOÁN 6 CÁNH DIỀU CẢ NĂM - WORD - BỘ 2.zip,toan-6,toan,199000,10840,https://drive.google.com/drive/folders/1GyQFleee40CbdCz5TfnOn60KTUuWhvIf?usp=drive_link
985,GIÁO ÁN KHBD TOÁN 6 CÁNH DIỀU CẢ NĂM - WORD - BỘ 1.zip,toan-6,toan,199000,10839,https://drive.google.com/drive/folders/1A1IDkKMsUe6rWqmiDjUGll00q1AZpz1Y?usp=sharing
986,TUYỂN TẬP 75 ĐỀ HSG TOÁN 6 CỦA 3 SÁCH ( 2022-2023 ).rar,toan-6,toan,200000,10800,https://drive.google.com/drive/folders/1pBuKVdnwc385ee7TEr96FgQlkaCOuMzg?usp=drive_link
987,PHIẾU BÀI TẬP TOÁN 6.rar,toan-6,toan,59000,10740,https://drive.google.com/file/d/1jnUufUh2XR1dZbw8cKxbMP1jMfR7Kv2U/view?usp=sharing
988,[Chuyên đề] - Chuyên đề 6 đầy đủ soạn bởi nhóm giáo viên chuyên Sư Phạm.rar,toan-6,toan,199000,337,https://drive.google.com/drive/folders/1DTdJb4fYC2Jd1PzOH9moJvk0bNoU4rr8?usp=sharing
989,Chuyên đề dạy thêm đầy đủ môn Toán lớp 6 (Bản word).zip,toan-6,toan,199000,336,https://drive.google.com/drive/folders/1CRwhugjrPb_UdIhnl8foEd5fTg16OcvY?usp=sharing
990,[Chuyên đề] - Các chuyên đề hình học - Toán học 6 - File word có lời giải chi tiết.zip,toan-6,toan,150000,335,https://drive.google.com/drive/folders/1C_1UrA6Ln-24hp7KH4m2EVaudVnG_gTF?usp=sharing
991,[Chuyên đề] - Các chuyên đề đại số - Toán học 6 - File word có lời giải chi tiết.zip,toan-6,toan,150000,334,https://drive.google.com/drive/folders/1jRHVekDfj3PoIAFvRoRbMf8mP6R44lww?usp=sharing
992,[Phiếu học tập] - Phiếu học tập hàng tuần Toán 6 (Word).docx,toan-6,toan,20000,333,https://drive.google.com/file/d/1TPPerFb7CqNwwvqOU9KVW89B0T_Omf8Z/view?usp=sharing
993,Bộ đề kiểm tra Giữa Kì 1 - Toán 5 - Cánh Diều (File word có giải),toan-5,toan,199000,25478,https://drive.google.com/open?id=1SbuzHXZ71096H4IEaRVIc1gCHJORJRiF&usp=drive_copy
994,Bộ đề kiểm tra Giữa Kì 1 - Toán 5 - Chân Trời Sáng Tạo (File word có giải),toan-5,toan,199000,25477,https://drive.google.com/open?id=1n3alI9VhBBPp-f5t7xkNBqRZawkW9NmZ&usp=drive_copy
995,Bộ đề kiểm tra Giữa Kì 1 - Toán 5 - Kết Nối Tri Thức (File word có giải),toan-5,toan,199000,25404,https://drive.google.com/drive/u/0/folders/1r9iXA_cRxGIto7kg89dFmtm_wIO3PlEr
996,KHBD GIÁO ÁN WORD CHÍNH KHÓA – TOÁN 5 - CẢ NĂM - [KẾT NỐI TRI THỨC],toan-5,toan,399000,20646,https://drive.google.com/drive/folders/1ZMOBbh3G-5bzICq6yVkOojs9FYMnR4aq?usp=drive_link
997,POWER POINT CHÍNH KHÓA – TOÁN 5 - CẢ NĂM - [KẾT NỐI TRI THỨC],toan-5,toan,499000,20645,https://drive.google.com/drive/folders/1UkpZiddLUtjTgJ7eMcdwWRQauCMYQj1k?usp=drive_link
998,KHBD GIÁO ÁN WORD DẠY THÊM – TOÁN 5 - CẢ NĂM - [KẾT NỐI TRI THỨC],toan-5,toan,399000,20644,https://drive.google.com/drive/folders/1BQJCJWZRfDRkzDKmj-w94pXwbaO0Tify?usp=drive_link
999,POWER POINT DẠY THÊM – TOÁN 5 - CẢ NĂM - [KẾT NỐI TRI THỨC],toan-5,toan,399000,20643,https://drive.google.com/drive/folders/1_lg-_OQWDMpmvHA5JQ4kAGpTQUGn_h4q?usp=drive_link
1000,KHBD GIÁO ÁN WORD CHÍNH KHÓA – TOÁN 5 - CẢ NĂM - [CHÂN TRỜI SÁNG TẠO],toan-5,toan,399000,20642,https://drive.google.com/drive/folders/1Us5EOI8myqTeIJVfD7UC74DBvHIb-m7F?usp=drive_link
1001,POWER POINT CHÍNH KHÓA – TOÁN 5 - CẢ NĂM - [CHÂN TRỜI SÁNG TẠO],toan-5,toan,499000,20641,https://drive.google.com/drive/folders/15zYH4iiax_SFfb0MJ7_wjOKu1iFgGR6Q?usp=drive_link
1002,KHBD GIÁO ÁN WORD DẠY THÊM – TOÁN 5 - CẢ NĂM - [CHÂN TRỜI SÁNG TẠO],toan-5,toan,399000,20640,https://drive.google.com/drive/folders/1ypVKG2ejRNrxxXBpL_9v4ZcDImp8bzd3?usp=drive_link
1003,POWER POINT DẠY THÊM – TOÁN 5 - CẢ NĂM - [CHÂN TRỜI SÁNG TẠO],toan-5,toan,399000,20639,https://drive.google.com/drive/folders/1a3ZLC_9zjd9G2ONdplJtaWfD9nhITUqA?usp=drive_link
1004,KHBD GIÁO ÁN WORD CHÍNH KHÓA – TOÁN 5 - CẢ NĂM - [CÁNH DIỀU],toan-5,toan,399000,20638,https://drive.google.com/drive/folders/1Q1ZviFN2975qOuIIFdxuiY9yZN6mXomi?usp=drive_link
1005,POWER POINT CHÍNH KHÓA – TOÁN 5- CẢ NĂM - [CÁNH DIỀU],toan-5,toan,499000,20637,https://drive.google.com/drive/folders/1COjQPvCaLbEYQ6k5lpJ7PSjrJRf-8-AF?usp=drive_link
1006,KHBD GIÁO ÁN WORD DẠY THÊM – TOÁN 5 - CẢ NĂM - [CÁNH DIỀU],toan-5,toan,399000,20636,https://drive.google.com/drive/folders/1SAYlB_2T_9_ygXbft3PH7brSzmQ-tky6?usp=drive_link
1007,POWER POINT DẠY THÊM – TOÁN 5- CẢ NĂM - [CÁNH DIỀU],toan-5,toan,399000,20635,https://drive.google.com/drive/folders/1XD2nBOtpib2O65c5-ZSL1WWC2DXbEZna?usp=drive_link
1008,CHUYÊN ĐỀ ÔN HÈ TOÁN LỚP 5 - LÊN 6.doc,toan-5,toan,59000,10710,https://drive.google.com/file/d/1jpeKAJW1JjndT5A0aHYaDIy310-ZVa4L/view?usp=sharing
1009,21 CHUYÊN ĐỀ NÂNG CAO TOÁN 5.zip,toan-5,toan,199000,10516,https://drive.google.com/file/d/1Qlwb4QqTJXvwYgBuplyAqUu2AbMxsswL/view?usp=sharing
1010,BÀI GIẢNG POWER POINT - Toán 4 - KẾT NỐI TRI THỨC,toan-4,toan,399000,12552,https://drive.google.com/drive/folders/1y-KpcnwVMHzfiZtUWxS_dANoRenJnr4j
1011,BÀI GIẢNG POWER POINT - Toán 4 - CHÂN TRỜI SÁNG TẠO,toan-4,toan,399000,12551,https://drive.google.com/drive/folders/19FRjvB7nt8vdkOrxWrmyO-E6k8-XzHPk
1012,BÀI GIẢNG POWER POINT - Toán 4 - CÁNH DIỀU,toan-4,toan,399000,12550,https://drive.google.com/drive/folders/1uxiNKCEpk7dhx9YcEDNM_yhMsXeAADvu
1013,Giáo án KHBD SGK word cả năm - Toán 4 - KẾT NỐI TRI THỨC,toan-4,toan,399000,12549,https://drive.google.com/drive/folders/1OBO3Xuwsyc-5Qtq2RbN5F-_eakVMIKcS
1014,Giáo án KHBD SGK word cả năm - Toán 4 - CHÂN TRỜI SÁNG TẠO,toan-4,toan,399000,12548,https://drive.google.com/drive/folders/1LKaRWkhJIPl6_RhQfwFzImKBmKP9Ejy0
1015,Giáo án KHBD SGK word cả năm - Toán 4 - CÁNH DIỀU,toan-4,toan,399000,12547,https://drive.google.com/drive/folders/15L-Iva44l8DDfw81whtUPTucMirDz1xz
1019,GA toán cánh diều 4.rar,toan-4,toan,199000,11203,https://drive.google.com/drive/folders/11jQVS82M2ZTzQ9DZaQOMJBsi2_p1ee-1?usp=drive_link
1020,ĐỀ KHẢO SÁT CHẤT LƯỢNG ĐẦU NĂM TOÁN 4.rar,toan-4,toan,30000,10972,https://drive.google.com/drive/folders/1S-4_At05TAcMzFutvSELo-3Gu6JMsK6H?usp=drive_link
1021,CHUYÊN ĐỀ ÔN HÈ TOÁN LỚP 4 - LÊN 5.docx,toan-4,toan,59000,10709,https://drive.google.com/file/d/1jpeKAJW1JjndT5A0aHYaDIy310-ZVa4L/view?usp=sharing
1022,KHBD GIÁO ÁN WORD CHÍNH KHÓA – TOÁN 3 - CẢ NĂM - [KẾT NỐI TRI THỨC],toan-3,toan,399000,26756,https://drive.google.com/drive/folders/1OtN-7U9veihQ_0OhY25TvCYzqQMYh9Iu
1024,KHBD GIÁO ÁN WORD CHÍNH KHÓA – TOÁN 3 - CẢ NĂM - [CHÂN TRỜI SÁNG TẠO],toan-3,toan,399000,26754,https://drive.google.com/drive/folders/11Q2dnRyY6G-_fDgz4Ih_Qc2o_GVYxYQW
1025,POWER POINT CHÍNH KHÓA – TOÁN 3 - CẢ NĂM - [CHÂN TRỜI SÁNG TẠO],toan-3,toan,399000,26753,https://drive.google.com/drive/folders/11RndnxDI99O5ciuuVhT_wz8W5S3Qu9Gn
1026,KHBD GIÁO ÁN WORD CHÍNH KHÓA – TOÁN 3 - CẢ NĂM - [CÁNH DIỀU],toan-3,toan,399000,26752,https://drive.google.com/drive/folders/1LPloAnxL5CW6Swnz2KsG4HRvkqwKojZ2
1027,POWER POINT CHÍNH KHÓA – TOÁN 3 - CẢ NĂM - [CÁNH DIỀU],toan-3,toan,399000,26751,https://drive.google.com/drive/folders/1tZ8Nhcm4USPXm0j6_sVWsgK788aZ_67x
1028,CHUYÊN ĐỀ ÔN HÈ TOÁN LỚP 3- LÊN 4.doc,toan-3,toan,59000,10708,https://drive.google.com/file/d/1gYQx9SqqT4y_jgVgzCy4DZ_lCGz6ihZo/view?usp=sharing
1029,POWER POINT TOÁN 3 CÁNH DIỀU.rar,toan-3,toan,299000,10758,https://drive.google.com/drive/folders/1VRDEa3syzc8mMMZK4CxXjzpWqO-AzZ6Y?usp=sharing
1030,KHBD GIÁO ÁN WORD CHÍNH KHÓA – TOÁN 2 - CẢ NĂM - [KẾT NỐI TRI THỨC],toan-2,toan,299000,26750,https://drive.google.com/drive/u/0/folders/1uwuNda1QWJkv53eUfMMfMZGDeTvZuIOl
1031,POWER POINT CHÍNH KHÓA – TOÁN 2 - CẢ NĂM - [KẾT NỐI TRI THỨC],toan-2,toan,399000,26749,https://drive.google.com/drive/u/0/folders/1ZLSDhEUeYlsMBz7p94vXiaerXrVZ6gFl
1032,KHBD GIÁO ÁN WORD CHÍNH KHÓA – TOÁN 2 - CẢ NĂM - [CHÂN TRỜI SÁNG TẠO],toan-2,toan,299000,26748,https://drive.google.com/drive/u/0/folders/1Q6HiO42ILa3y0ADlE5x8pKg29FpkxNhh
1033,POWER POINT CHÍNH KHÓA – TOÁN 2 - CẢ NĂM - [CHÂN TRỜI SÁNG TẠO],toan-2,toan,399000,26747,https://drive.google.com/drive/u/0/folders/1rhnagJm0mW1_jrXhjOokKRqTM-QHPX3f
1034,KHBD GIÁO ÁN WORD CHÍNH KHÓA – TOÁN 2 - CẢ NĂM - [CÁNH DIỀU],toan-2,toan,299000,26746,https://drive.google.com/drive/u/0/folders/1cFonOiL_wvn85u6LXw5Udv2YDsU8aExu
1035,POWER POINT CHÍNH KHÓA – TOÁN 2 - CẢ NĂM - [CÁNH DIỀU],toan-2,toan,399000,26745,https://drive.google.com/drive/u/0/folders/1AflmaauibRNrBa7famum_t-dYS_bl0xj
1036,Bài giảng Power Point môn Toán 2 theo chủ đề - Đầy đủ cả năm (Kết nối tri thức).zip,toan-2,toan,299000,11218,https://drive.google.com/drive/folders/1B7HNlltfWCZdeYTQdThm4rXjLCf2HQFH?usp=drive_link
1037,Bài giảng Power Point môn Toán 2 theo bài - Học kì 1 (Kết nối tri thức).zip,toan-2,toan,199000,11217,https://drive.google.com/drive/folders/1mq73vrYKrV2lk6eGaOoTHKcC1_FivMPa?usp=drive_link
1038,Giáo án KHBD theo tuần môn Toán lớp 2 - Cả năm - Bản word (Kết nối tri thức).zip,toan-2,toan,199000,11216,https://drive.google.com/drive/folders/1rv_IqeknKKafKdt3zGWrcKdgDFXRl9cx?usp=drive_link
1039,CHUYÊN ĐỀ ÔN HÈ TOÁN LỚP 2 - LÊN 3.docx,toan-2,toan,59000,10707,https://drive.google.com/file/d/1mowk1jXcUwIp69fzrinYIFbMjJXhByPr/view?usp=sharing
1040,BÀI TẬP DÀNH CHO BUỔI HỌC THỨ HAI TOÁN 5 (HỌC KÌ 1).zip,toan-1,toan,199000,27283,https://drive.google.com/open?id=1bnK2qji-ybWcftyURPIx2NK4vX5OIY7w&usp=drive_copy
1041,KHBD GIÁO ÁN WORD CHÍNH KHÓA – TOÁN 1 - CẢ NĂM - [KẾT NỐI TRI THỨC],toan-1,toan,399000,26739,https://drive.google.com/drive/u/0/folders/1G8YjtyN7ZA_UF1_G0e7Qtw7-381pHqRT
1042,POWER POINT CHÍNH KHÓA – TOÁN 1 - CẢ NĂM - [KẾT NỐI TRI THỨC],toan-1,toan,399000,26738,https://drive.google.com/drive/u/0/folders/1t2Dqcq9MenexH_Gn2689XG04maZsTlix
1043,KHBD GIÁO ÁN WORD CHÍNH KHÓA – TOÁN 1 - CẢ NĂM - [CHÂN TRỜI SÁNG TẠO],toan-1,toan,399000,26737,https://drive.google.com/drive/u/0/folders/1mzCjTOmsQJvSUELxBvZbz2DYds83YluY
1044,POWER POINT CHÍNH KHÓA – TOÁN 1 - CẢ NĂM - [CHÂN TRỜI SÁNG TẠO],toan-1,toan,399000,26736,https://drive.google.com/drive/u/0/folders/1ADKSbZ9sJgTALIDN6fzGKdgKTQm9Zi56
1045,KHBD GIÁO ÁN WORD CHÍNH KHÓA – TOÁN 1 - CẢ NĂM - [CÁNH DIỀU],toan-1,toan,399000,26735,https://drive.google.com/drive/u/0/folders/1AVf5QY9eNPF_Q3F_iYQcM-PIMk44cWfi
1046,POWER POINT CHÍNH KHÓA – TOÁN 1 - CẢ NĂM - [CÁNH DIỀU],toan-1,toan,399000,26734,https://drive.google.com/drive/u/0/folders/1X9HV1V_AiQVtz7CW8Gh2NNeZMMJoA5aB
1047,CHUYÊN ĐỀ ÔN HÈ TOÁN LỚP 1 - LÊN 2.docx,toan-1,toan,59000,10706,https://drive.google.com/file/d/1NemR8-rIWbaRPEZ13oUlY4DKQn9avPUm/view?usp=sharing
1048,"Toán Kangaroo cấp độ 1 (Lớp 1, 2) (Bộ đề thi + chuyên đề ôn thi).zip",toan-1,toan,70000,27545,https://drive.google.com/open?id=1m-SiiYj32PsXvR7cbAwzKLBTxmbTwCo7&usp=drive_copy
1049,Tuyển tập đề thi Violympic Toán 1 - Năm 2022 - 2023.zip,toan-1,toan,80000,27544,https://drive.google.com/open?id=1uG7Ce5vI1QYISKqJshLafVT6_mRpQxxL&usp=drive_copy
1050,Bộ 5 đề thi giữa kì 1 Toán lớp 1 Cánh diều có đáp án.zip,toan-1,toan,80000,27542,https://drive.google.com/open?id=1NcIiTOMnbQqcBxqLajkwpHNDFC-gFA21&usp=drive_copy
1051,Bộ 5 đề thi giữa kì 1 Toán lớp 1 Kết Nối Tri Thức có đáp án.zip,toan-1,toan,80000,27541,https://drive.google.com/open?id=1o9s2QdB3WGG6wyCn9Yy5BmJ7sDygAO85&usp=drive_copy
1052,Giáo án Power Point môn Toán 1 - Các tiết dạy trên truyền hình Huế z.zip,toan-1,toan,150000,11354,https://drive.google.com/drive/folders/1GK-rb-OShyyxyyu48NEWcTygKJ8wKUge?usp=drive_link
1053,KHBD TOÁN 1 CÁNH DIỀU CẢ NĂM PPT z.zip,toan-1,toan,199000,11353,https://drive.google.com/drive/folders/1AJXq1e4a7bAYo_1QQ7pyBDzf0vjf8Dvy?usp=drive_link
1054,Giáo án PPT Toán 1 cả năm KNTT.zip,toan-1,toan,199000,11352,https://drive.google.com/drive/folders/16tOvlqaIk0hRrurus5RjlU7k3omHVvH3?usp=drive_link
1055,GIÁO ÁN TOÁN LỚP 1 - HK1 - KẾT NỐI TRI THỨC WORD.zip,toan-1,toan,99000,11351,https://drive.google.com/drive/folders/1efi1J5BE2JrbEU2yqa7Af2n-DUVyD4Tb?usp=drive_link
1056,ĐỀ KIỂM TRA TOÁN 1 CUỐI HỌC KÌ 1 NĂM HỌC 2022-2023 WORD.zip,toan-1,toan,40000,11350,https://drive.google.com/drive/folders/1_aHyM2EKZRyew7Ha0TSRo_CcgPOsnIPO?usp=drive_link
1057,Bộ đề kiểm tra GIỮA KÌ 2 - VẬT LÍ 12 - FORM 2025 (Dùng chung 3 sách),vat-ly-12,vat-ly,299000,29365,https://drive.google.com/open?id=1FW7rbwVZl4RztdZQH0NYswlFxTD1hDiF&usp=drive_copy
1058,CHUYÊN ĐỀ BÀI TẬP VẬT LÝ LỚP 12 - SÁCH MỚI - FORM 2025 (Dùng chung 3 sách KNTT - CTST - CD),vat-ly-12,vat-ly,699000,19341,https://drive.google.com/drive/folders/1xICBLUTM6yFg5zXelL93lEGtT-647R6s?usp=drive_link
1059,91 câu trắc nghiệm ĐÚNG SAI theo mức độ - KHÍ LÝ TƯỞNG (File word có giải).docx,vat-ly-12,vat-ly,99000,37962,https://drive.google.com/file/d/1rAlw6YC80t7kz4mYLH5ugMdlZ4uAWTEG/view?usp=drive_link
1060,222 câu trắc nghiệm ĐÚNG SAI theo mức độ - VẬT LÍ NHIỆT (File word có giải).docx,vat-ly-12,vat-ly,199000,37961,https://drive.google.com/file/d/1yAn2eKBs9IUbLkaL_Zh9GPY3Q9tZXchy/view?usp=drive_link
1061,BỘ ĐỀ HỌC SINH GIỎI VẬT LÍ 12 - CẤP TRƯỜNG - Theo cấu trúc mới,vat-ly-12,vat-ly,599000,29589,https://drive.google.com/drive/u/0/folders/1r5538guMXZtyZolYigP56ugfo7xwC9WA
1062,Bộ đề kiểm tra CUỐI HỌC KÌ 2 - VẬT LÍ 12 - FORM 2025 (Dùng chung 3 sách),vat-ly-12,vat-ly,299000,29366,https://drive.google.com/open?id=1pDaH4F6SBUiohHpQApG_hSreVd6htpqH&usp=drive_copy
1063,Bộ đề kiểm tra CUỐI HỌC KÌ 1 - VẬT LÍ 12 - FORM 2025 (Dùng chung 3 sách),vat-ly-12,vat-ly,299000,29364,https://drive.google.com/open?id=18OyIJexavQYjMuolqQmJ3Q6IrgqIfE8c&usp=drive_copy
1064,Bộ đề kiểm tra GIỮA KÌ 1 - VẬT LÍ 12 - FORM 2025 (Dùng chung 3 sách),vat-ly-12,vat-ly,299000,25623,https://drive.google.com/drive/folders/1g7uob7YmB5-huZ03LioInm-13RPc0RjU?usp=drive_link
1065,GÓI ÔN LUYỆN TRẮC NGHIỆM THI TỐT NGHIỆP THPT FORM NĂM 2025 - MÔN VẬT LÍ (Theo Chương trình giáo dục phổ thông 2018).zip,vat-ly-12,vat-ly,399000,21754,https://drive.google.com/drive/u/0/folders/1gnbAerJVjKLzrGaYI8iC5HVuwaaOcHkA
1066,KHBD GIÁO ÁN WORD CHÍNH KHÓA – VẬT LÍ 12- CẢ NĂM - [KẾT NỐI TRI THỨC],vat-ly-12,vat-ly,399000,20401,https://drive.google.com/drive/folders/1yUCaEmqYhQwbH-F3APYw7Vp-AJu7FA5R?usp=drive_link
1067,POWER POINT CHÍNH KHÓA – VẬT LÍ 12- CẢ NĂM - [KẾT NỐI TRI THỨC],vat-ly-12,vat-ly,499000,20400,https://drive.google.com/drive/folders/1RaphcCxuYNQ9mBlO4LZXPH_7pc2-TUMV?usp=drive_link
1068,KHBD GIÁO ÁN WORD SÁCH CHUYÊN ĐỀ – VẬT LÍ 12- CẢ NĂM - [KẾT NỐI TRI THỨC],vat-ly-12,vat-ly,399000,20399,https://drive.google.com/drive/folders/1ej4BOYjcTJvmj2nh75FPWs2c_fywF4jf?usp=drive_link
1069,POWER POINT SÁCH CHUYÊN ĐỀ – VẬT LÍ 12- CẢ NĂM - [KẾT NỐI TRI THỨC],vat-ly-12,vat-ly,399000,20398,https://drive.google.com/drive/folders/1g87t82LmiGJ7XaOUapWAvccllS-9EL9D?usp=drive_link
1070,KHBD GIÁO ÁN WORD CHÍNH KHÓA – VẬT LÍ 12- CẢ NĂM - [CHÂN TRỜI SÁNG TẠO],vat-ly-12,vat-ly,399000,20396,https://drive.google.com/drive/folders/1QIcFqs9dTb_rbGhUrDBmjyDPxMV3M41V?usp=drive_link
1071,POWER POINT CHÍNH KHÓA – VẬT LÍ 12- CẢ NĂM - [CHÂN TRỜI SÁNG TẠO],vat-ly-12,vat-ly,499000,20395,https://drive.google.com/drive/folders/11kN9PwbRSA_7Vn3WOjEx7dwnUeZ2tSuY?usp=drive_link
1072,KHBD GIÁO ÁN WORD SÁCH CHUYÊN ĐỀ – VẬT LÍ 12- CẢ NĂM - [CHÂN TRỜI SÁNG TẠO],vat-ly-12,vat-ly,399000,20394,https://drive.google.com/drive/folders/1rc0OQMHPgFVid4Wawr5S3W0Loc8UoOgz?usp=drive_link
1073,POWER POINT SÁCH CHUYÊN ĐỀ – VẬT LÍ 12- CẢ NĂM - [CHÂN TRỜI SÁNG TẠO],vat-ly-12,vat-ly,399000,20393,https://drive.google.com/drive/folders/1WrKxl3fCGIQPMUbF3TgfxuUtKTRde1OZ?usp=drive_link
1074,KHBD GIÁO ÁN WORD CHÍNH KHÓA – VẬT LÍ 12- CẢ NĂM - [CÁNH DIỀU],vat-ly-12,vat-ly,399000,20391,https://drive.google.com/drive/folders/1fpRjwbVojcavQYH5PtCln5pzDm_9xGO4?usp=drive_link
1075,POWER POINT CHÍNH KHÓA – VẬT LÍ 12- CẢ NĂM - [CÁNH DIỀU],vat-ly-12,vat-ly,499000,20390,https://drive.google.com/drive/folders/1asJHaIVDCJKam43GxBSj0K36DdiqonX4?usp=drive_link
1076,KHBD GIÁO ÁN WORD SÁCH CHUYÊN ĐỀ – VẬT LÍ 12- CẢ NĂM - [CÁNH DIỀU],vat-ly-12,vat-ly,399000,20389,https://drive.google.com/drive/folders/1elQXhS8q8dYRXtGRRmj0XYxwy6P7XYPF?usp=drive_link
1077,POWER POINT SÁCH CHUYÊN ĐỀ – VẬT LÍ 12- CẢ NĂM - [CÁNH DIỀU],vat-ly-12,vat-ly,399000,20388,https://drive.google.com/drive/folders/1t-Bq8-JTAIgEKO3i9XNt-_Uy-PolKiWF?usp=drive_link
1078,CHỦ ĐỀ STEM VẬT LÝ 12. THIẾT KẾ HỆ THỐNG BÁO ĐỘNG.docx,vat-ly-12,vat-ly,3000,11518,https://drive.google.com/file/d/1X5cKC6zVOcb0KU7MHzbQ2VMpjAZS7VmB/view?usp=drive_link
1079,CHỦ ĐỀ STEM VẬT LÝ 12. THỦY ĐIỆN HÒA BÌNH.doc,vat-ly-12,vat-ly,3000,11517,https://drive.google.com/file/d/1A_cM3b53-aluJtpBCFJk_XHLSIcwD5wM/view?usp=drive_link
1080,VẬT LÝ. MỘT SỐ CHỦ ĐỀ STEM VẬT LÝ THPT.docx,vat-ly-12,vat-ly,0,11516,https://drive.google.com/file/d/142v3U5sAy93gigv2YKtpiwSHub35EHQS/view?usp=drive_link
1081,CHUYÊN ĐỀ LUYỆN THI HSG VẬT LÝ 12.rar,vat-ly-12,vat-ly,399000,10833,https://drive.google.com/drive/folders/1rDvMuMYhmD5HIotkX3IPDoEZDL1D01rk?usp=sharing
1082,Đề thi HSG môn Vật Lý 12 - Thanh Hóa (Năm 2021 - 2022) - Bản word có giải.doc,vat-ly-12,vat-ly,10000,4957,https://drive.google.com/file/d/147E9uDDFPs5e8ezSR0QMBoE7SxRwvR4R/view?usp=sharing
1083,SƠ LƯỢC VỀ THUYẾT TƯƠNG ĐỐI HẸP - Tăng Hải Tuân.doc,vat-ly-12,vat-ly,2000,4183,https://drive.google.com/file/d/1_OltlsvSlJlZ2dELDec3Zbs4cNMavOus/view?usp=drivesdk
1084,Ôn luyện vật lý 12 - Hạt sơ cấp.doc,vat-ly-12,vat-ly,2000,4182,https://drive.google.com/file/d/1KduIoa7R8dHuhBfjMGMr4V1kM3uBAxgu/view?usp=drivesdk
1085,Ôn luyện vật lý 12 - Cấu tạo vũ trụ.doc,vat-ly-12,vat-ly,2000,4181,https://drive.google.com/file/d/16AlP12QC86I6vpDRfBaNpP5c2Wuw5lHj/view?usp=drivesdk
1086,CHUYÊN ĐỀ PHẢN ỨNG PHÂN HẠCH – NHIỆT HẠCH - NHÓM ĐHSPHN.doc,vat-ly-12,vat-ly,3000,4180,https://drive.google.com/file/d/1CupX9bPY7bB4TYvoAetnkQnbErGASuht/view?usp=drivesdk
1087,CHUYÊN ĐỀ PHẢN ỨNG HẠT NHÂN - NHÓM ĐHSPHN.doc,vat-ly-12,vat-ly,5000,4179,https://drive.google.com/file/d/15-XTq5uyx02kAih5-FDxRH6mnzebGtkU/view?usp=drivesdk
1088,CHUYÊN ĐỀ HIỆN TƯỢNG PHÂN RÃ PHÓNG XẠ - NHÓM ĐHSPHN.doc,vat-ly-12,vat-ly,5000,4178,https://drive.google.com/file/d/1Uh4Nqkza62Dx8NKqqffDDJfAJ8xRNob3/view?usp=drivesdk
1089,CHUYÊN ĐỀ CẤU TẠO HẠT NHÂN – NĂNG LƯỢNG LIÊN KẾT - NHÓM ĐHSPHN.doc,vat-ly-12,vat-ly,5000,4177,https://drive.google.com/file/d/1l-G219KvgePdeHexFnSOYbhXF2C9P8hg/view?usp=drivesdk
1090,"Chủ đề 5. Phản ứng phân hạch, nhiệt hạch - Nhóm chuyên.doc",vat-ly-12,vat-ly,4000,4176,https://drive.google.com/file/d/1lvMmAjelTEuE1YunojTxVuqZXZfvuQJV/view?usp=drivesdk
1091,Chủ đề 4. Phóng xạ - Nhóm chuyên.doc,vat-ly-12,vat-ly,5000,4175,https://drive.google.com/file/d/11ecFw4MeGlWGTFO_Hko-7H9fCuqiKjFB/view?usp=drivesdk
1092,Chủ đề 4. Phản ứng phân hạch và nhiệt hạch - 21 trang - ĐẶNG VIỆT HÙNG.doc,vat-ly-12,vat-ly,5000,4174,https://drive.google.com/file/d/1oXQd1O2rZ1LB8YcVgcr7o7NefUyI6M2w/view?usp=drivesdk
1093,CHỦ ĐỀ 4 MỨC ĐỘ - PHẢN ỨNG HẠT NHÂN - Phạm Hồng Vương.doc,vat-ly-12,vat-ly,5000,4173,https://drive.google.com/file/d/1bkUxUdEIaGAi1Hqc6aGYXpOxJRhBhMdB/view?usp=drivesdk
1094,CHỦ ĐỀ 4 MỨC ĐỘ - HIỆN TƯỢNG PHÓNG XẠ - Phạm Hồng Vương.doc,vat-ly-12,vat-ly,3000,4172,https://drive.google.com/file/d/1lNphzzjCFiF2x4czwxcvYepZPhfpFJjj/view?usp=drivesdk
1095,CHỦ ĐỀ 4 MỨC ĐỘ - CẤU TẠO HẠT NHÂN - Phạm Hồng Vương.doc,vat-ly-12,vat-ly,3000,4171,https://drive.google.com/file/d/15DATwy0R12stTi94XxsL3D-Jl5n7WZKq/view?usp=drivesdk
1096,Chủ đề 3. Phản ứng hạt nhân. Các định luật bảo toàn - 28 trang - ĐẶNG VIỆT HÙNG.doc,vat-ly-12,vat-ly,6000,4170,https://drive.google.com/file/d/1i1SH1LgZaWUW8d46paQXl_Ygi6JRI-PA/view?usp=drivesdk
1097,Chủ đề 3. Phản ứng hạt nhân - Nhóm chuyên.doc,vat-ly-12,vat-ly,4000,4169,https://drive.google.com/file/d/1wgLHZ4zddvKlDI5qfXX8om_EGybXU0hm/view?usp=drivesdk
1098,Chủ đề 2. Phóng xạ và các dạng bài tập - 33 trang - ĐẶNG VIỆT HÙNG.doc,vat-ly-12,vat-ly,6000,4168,https://drive.google.com/file/d/1g3RjYNa_L2WAw8YhoY-d2y6057PiscoQ/view?usp=drivesdk
1099,Chủ đề 2. Năng lượng liên kết hạt nhân - Nhóm chuyên.doc,vat-ly-12,vat-ly,3000,4167,https://drive.google.com/file/d/19fIZpzifj6al7N85DO6SKkZwUYqquD5k/view?usp=drivesdk
1100,Chủ đề 1. Tính chất và cấu tạo hạt nhân - Nhóm chuyên.doc,vat-ly-12,vat-ly,3000,4166,https://drive.google.com/file/d/161Ei8O6QFNSPvC_xeCojxr7HhdqNH_Mf/view?usp=drivesdk
1101,Chủ đề 1. Cấu tạo hạt nhân nguyên tử - 16 trang - ĐẶNG VIỆT HÙNG.doc,vat-ly-12,vat-ly,4000,4165,https://drive.google.com/file/d/1hru9qv7zz_8PB1jgx1gSiQvCuYW_zK42/view?usp=drivesdk
1102,Bài tập về hiện tượng phóng xạ - Tăng Hải Tuân.doc,vat-ly-12,vat-ly,3000,4163,https://drive.google.com/file/d/1QqjO8LejGXuuSOBOrbA09t5hjflD19_4/view?usp=drivesdk
1103,"Bài tập về hạt nhân, phản ứng hạt nhân - Tăng Hải Tuân.doc",vat-ly-12,vat-ly,5000,4162,https://drive.google.com/file/d/1d1y-baHSglXQsvIJFwhKOaU2fdWxH3Do/view?usp=drivesdk
1104,- Lí thuyết HẠT NHÂN NGUYÊN TỬ - Tăng Hải Tuân.doc,vat-ly-12,vat-ly,3000,4161,https://drive.google.com/file/d/1jeUqUWSDVpqp1lyolktPRxzvgYpuslRU/view?usp=drivesdk
1105,"Tuyển tập lý thuyết vật lý 12 - Chương 7 Hạt nhân nguyên tử, sự phóng xạ.doc",vat-ly-12,vat-ly,2000,4160,https://drive.google.com/file/d/1ooj-usg1xIIOsL2gKgHDVit4h-eGi4MO/view?usp=drivesdk
1106,Phương pháp giải các dạng toán cơ bản Vật lý 12 - HAT NHAN NGUYEN TU.doc,vat-ly-12,vat-ly,3000,4159,https://drive.google.com/file/d/1LSnp7Z2ykTKrkzkljuv_2aaIuofavIhO/view?usp=drivesdk
1107,Ôn luyện vật lý 12 - Phản ứng hạt nhân.doc,vat-ly-12,vat-ly,2000,4158,https://drive.google.com/file/d/1F0TZOjWTDVs4pU6FYbTT2vv6Wn75U3TP/view?usp=drivesdk
1108,Ôn luyện vật lý 12 - Hạt nhân nguyên tử.doc,vat-ly-12,vat-ly,2000,4157,https://drive.google.com/file/d/1M2ijWAuhHlFLk5ifhCosUhD55zmQrNNZ/view?usp=drivesdk
1109,Hệ thống công thức Vật Lý 12 -Chương 7 Hạt nhân nguyên tử.doc,vat-ly-12,vat-ly,1000,4156,https://drive.google.com/file/d/18Km7pdv9gXGM8M7r5i-hJSY_jo3sJwcq/view?usp=drivesdk
1110,HẠT NHÂN - CHU VĂN BIÊN.doc,vat-ly-12,vat-ly,4000,4155,https://drive.google.com/file/d/1FMmEIe6UwIn-6YQ-nZ8n_JfrgSKfALIA/view?usp=drivesdk
1111,CASIO VAT LY 12 - HAT NHAN NGUYEN TU.doc,vat-ly-12,vat-ly,2000,4154,https://drive.google.com/file/d/1mL0X2O112GkvZw9ZqX9eEaaQtk29DJY9/view?usp=drivesdk
1112,22 - Hạt nhân nguyên tử - Đề 10.doc,vat-ly-12,vat-ly,2000,4153,https://drive.google.com/file/d/1ExVSbBvdn5BjrXzNWxaRPCC38cDDeCvJ/view?usp=drivesdk
1113,21 - Hạt nhân nguyên tử - Đề 9.doc,vat-ly-12,vat-ly,2000,4152,https://drive.google.com/file/d/1O22GTrDDPBJ-6vmqKQkm51rynQkeqpmF/view?usp=drivesdk
1114,20 bài tập trắc nghiệm hạt nhân nguyên tử - Mức độ 3 Vận dụng - Đề 2 (Có lời giải chi tiết).doc,vat-ly-12,vat-ly,2000,4151,https://drive.google.com/file/d/1619SB_VvoIR3jLBtdocOcuZ6o9C8OTCV/view?usp=drivesdk
1115,20 bài tập trắc nghiệm hạt nhân nguyên tử - Mức độ 3 Vận dụng - Đề 1 (Có lời giải chi tiết).doc,vat-ly-12,vat-ly,2000,4150,https://drive.google.com/file/d/1BQaBxWWBQhKhvyV6zUhG2Cx-uedWAv6V/view?usp=drivesdk
1116,20 - Hạt nhân nguyên tử - Đề 8.doc,vat-ly-12,vat-ly,2000,4149,https://drive.google.com/file/d/1CFTcLbl-jVpnccmegx0vhq50vueKKLhf/view?usp=drivesdk
1117,19 - Hạt nhân nguyên tử - Đề 7.doc,vat-ly-12,vat-ly,2000,4148,https://drive.google.com/file/d/192kdGQv0GkQJeLh6niG4VZF2NXMyktjx/view?usp=drivesdk
1118,18 - Hạt nhân nguyên tử - Đề 6.doc,vat-ly-12,vat-ly,2000,4147,https://drive.google.com/file/d/1fLeMTGbKyaEmABBmxSgCF7Zgx0J6PSQ_/view?usp=drivesdk
1119,17 - Hạt nhân nguyên tử - Đề 5.doc,vat-ly-12,vat-ly,2000,4146,https://drive.google.com/file/d/1g5OcrTjYUiX0BpzO3gLtUfDiTG7P8ja7/view?usp=drivesdk
1120,16 - Hạt nhân nguyên tử - Đề 4.doc,vat-ly-12,vat-ly,2000,4145,https://drive.google.com/file/d/1CqY3fMupzOvK31maMigFUHAWM6_ck3zb/view?usp=drivesdk
1121,15 bài tập trắc nghiệm hạt nhân nguyên tử - Mức độ 4 Vận dụng cao (Có lời giải chi tiết).docx,vat-ly-12,vat-ly,2000,4144,https://drive.google.com/file/d/1VrXvjnp18yZ9uHtYV1FGOE8Cy1w3W1HX/view?usp=drivesdk
1122,15 - Hạt nhân nguyên tử - Đề 3.doc,vat-ly-12,vat-ly,2000,4143,https://drive.google.com/file/d/1Fj2qR1ZQJzXCAEzpsJQYxBj8z6KeA1DD/view?usp=drivesdk
1123,14 - Hạt nhân nguyên tử - Đề 2.doc,vat-ly-12,vat-ly,2000,4142,https://drive.google.com/file/d/1MQFONsf970Pvk5HSH0i5j4kJkudu9-9T/view?usp=drivesdk
1124,13 - Hạt nhân nguyên tử - Đề 1.doc,vat-ly-12,vat-ly,2000,4141,https://drive.google.com/file/d/1e3exKmCpHbVwrQ6Tz4JeeyyvGrdg_aZK/view?usp=drivesdk
1125,12. Hạt nhân nguyên tử - Đề 5.doc,vat-ly-12,vat-ly,2000,4140,https://drive.google.com/file/d/1r0S8psrv2KX5HoG2sMEauDSx5qWRmsQq/view?usp=drivesdk
1126,12 - Phản ứng Phân hạch và phản ứng Nhiệt hạch - Đề 2.doc,vat-ly-12,vat-ly,2000,4139,https://drive.google.com/file/d/1nV3hIgDsn1aENSid48-Xho-e-a5B5k1B/view?usp=drivesdk
1127,11. Hạt nhân nguyên tử - Đề 4.doc,vat-ly-12,vat-ly,2000,4138,https://drive.google.com/file/d/1ISA4fPGxklfmuCTQ0xUQwqc-PIxHc-pl/view?usp=drivesdk
1128,11 - Phản ứng Phân hạch và phản ứng Nhiệt hạch - Đề 1.doc,vat-ly-12,vat-ly,2000,4137,https://drive.google.com/file/d/1yEzkvl8iDuOyDGaR6CFZRnMYhSTqpJNm/view?usp=drivesdk
1129,10. Hạt nhân nguyên tử - Đề 3.doc,vat-ly-12,vat-ly,2000,4136,https://drive.google.com/file/d/17CB1HGV3BBB-fRIBzXckf0IYqBGvW7au/view?usp=drivesdk
1130,10 - Hiện tượng phân rã phóng xạ và Định luật phóng xạ - Đề 4.doc,vat-ly-12,vat-ly,2000,4135,https://drive.google.com/file/d/1ME3n06w6vYx12xToGg29Sluy_NllC05t/view?usp=drivesdk
1131,7. 145 CÂU LÝ THUYẾT HẠT NHÂN NGUYÊN TỬ.doc,vat-ly-12,vat-ly,2000,4134,https://drive.google.com/file/d/192KX9eL0XG-ejX6JdYyTv7GYqAYEcpPM/view?usp=drivesdk
1132,4.-Các-câu-hỏi-và-bài-tập-Vật-Lý-Hạt-Nhân- - Bùi Xuân Dương.docx,vat-ly-12,vat-ly,3000,4133,https://drive.google.com/file/d/1lJUtU__yDXtolDWx1y3ct1Kr3_b3gyww/view?usp=drivesdk
1133,2.Phóng-xạ - Bùi Xuân Dương.docx,vat-ly-12,vat-ly,3000,4132,https://drive.google.com/file/d/1o2O8vxwb5nJK8OM0OokjHaKwSqhBTQG_/view?usp=drivesdk
1134,1.Cấu-tạo-phản-ứng-hạt-nhân - Bùi Xuân Dương.docx,vat-ly-12,vat-ly,3000,4131,https://drive.google.com/file/d/1GQaUWsoFB97MVi05_Yb3LGGkMaq3km7R/view?usp=drivesdk
1135,_9. Hạt nhân nguyên tử - Đề 2.doc,vat-ly-12,vat-ly,2000,4130,https://drive.google.com/file/d/1axDvM8Cjk96MGcrr8Xh96Ez3thyhOe9D/view?usp=drivesdk
1136,_9 - Hiện tượng phân rã phóng xạ và Định luật phóng xạ - Đề 3.doc,vat-ly-12,vat-ly,2000,4129,https://drive.google.com/file/d/1UoyUzgSt7Mi5lVpX6hqL8KbBG0_JNZpb/view?usp=drivesdk
1137,_8. Hạt nhân nguyên tử - Đề 1.doc,vat-ly-12,vat-ly,2000,4128,https://drive.google.com/file/d/1puYAexCzY6hEtKyunKsTG7RdxyxZGu7c/view?usp=drivesdk
1138,_8 - Độ phóng xạ và Ứng dụng của hiện tượng phóng xạ.doc,vat-ly-12,vat-ly,2000,4127,https://drive.google.com/file/d/110_GV5EH4xvZaSn9Dcsn58xLQwsJHefQ/view?usp=drivesdk
1139,_7. Phản ứng Phân hạch và phản ứng Nhiệt hạch.doc,vat-ly-12,vat-ly,2000,4126,https://drive.google.com/file/d/1OqUuThn2furpYkgZSlKNfZ-UJ2y1PW_X/view?usp=drivesdk
1140,_7 - Hiện tượng phân rã phóng xạ và Định luật phóng xạ - Đề 2.doc,vat-ly-12,vat-ly,2000,4125,https://drive.google.com/file/d/1fNu9JV2rHQmaYvi9EYRjgSmm8gN6Svsm/view?usp=drivesdk
1141,_6. Hiện tượng phân rã phóng xạ và Định luật phóng xạ - Đề 2.doc,vat-ly-12,vat-ly,2000,4124,https://drive.google.com/file/d/1xaeRBIpHk3ukqohxfHnX2V9paRO2LHBb/view?usp=drivesdk
1142,_6 – Bài toán Cấu trúc thang năng lượng của Hydro.doc,vat-ly-12,vat-ly,2000,4123,https://drive.google.com/file/d/1T6_WkAix-LyY8gZjkIriFbJUf_Ulsh30/view?usp=drivesdk
1143,_5. Hiện tượng phân rã phóng xạ và Định luật phóng xạ - Đề 1.doc,vat-ly-12,vat-ly,2000,4122,https://drive.google.com/file/d/1XYxh8NfugVyeGTFKS-ivjBGCfxBABEoX/view?usp=drivesdk
1144,_5 - Hiện tượng phân rã phóng xạ và Định luật phóng xạ - Đề 1.doc,vat-ly-12,vat-ly,2000,4121,https://drive.google.com/file/d/1CAVk9yJFgN_nFp8qi2AE6EsuW8FgNV3q/view?usp=drivesdk
1145,_4. Năng lượng của phản ứng hạt nhân.doc,vat-ly-12,vat-ly,2000,4120,https://drive.google.com/file/d/1haNR1cqi7xpki69sfS2MVP7nfAzv3Ts2/view?usp=drivesdk
1146,_4 - Năng lượng của phản ứng hạt nhân.doc,vat-ly-12,vat-ly,2000,4119,https://drive.google.com/file/d/1EUk64ZbEug05w2JMRnZ3HImDl7KM-nVR/view?usp=drivesdk
1147,_3. Phản ứng hạt nhân và các định luật bảo toàn.doc,vat-ly-12,vat-ly,2000,4118,https://drive.google.com/file/d/1IDN7IIs1fd6BPp2o5UovBl1NKFBHNEy2/view?usp=drivesdk
1148,_3 - Phản ứng hạt nhân và các định luật bảo toàn.doc,vat-ly-12,vat-ly,2000,4117,https://drive.google.com/file/d/1MpnCTXsR6KN2vYm2M3Ls2t1JsHKwCdEu/view?usp=drivesdk
1149,_2. Độ hụt khối và năng lượng liên kết.doc,vat-ly-12,vat-ly,2000,4116,https://drive.google.com/file/d/1F8agNYgH7RAim5v2zWj91eTATqyfp3IT/view?usp=drivesdk
1150,_2 - Độ hụt khối và năng lượng liên kết.doc,vat-ly-12,vat-ly,1000,4115,https://drive.google.com/file/d/1UBLIlubtgCALCUFMsmod3Gpg9FGJU3R7/view?usp=drivesdk
1151,_1. Cấu tạo hạt nhân nguyên tử.doc,vat-ly-12,vat-ly,2000,4114,https://drive.google.com/file/d/1Ux10jWYBEZx6Y9K5pKzyAtEU8hCYhgJi/view?usp=drivesdk
1152,_1 - Cấu tạo hạt nhân nguyên tử.doc,vat-ly-12,vat-ly,2000,4113,https://drive.google.com/file/d/13K-EB-4pVRTtDYcDHnD6yrweCKRWwzir/view?usp=drivesdk
1153,244 câu hạt nhân nguyên tử 2019.doc,vat-ly-12,vat-ly,3000,4112,https://drive.google.com/file/d/1roHRHlJ2PfLPmYHVw7uIMrBYjM_QyUfd/view?usp=drivesdk
1154,237 câu lý thuyết hạt nhân nguyên tử bookgol.doc,vat-ly-12,vat-ly,3000,4111,https://drive.google.com/file/d/1x3prseBiI4aMpeR_i55S01BWG-Coah9J/view?usp=drivesdk
1155,157 câu hỏi lý thuyết Hạt nhân nguyên tử từ đề thi các trường.doc,vat-ly-12,vat-ly,3000,4110,https://drive.google.com/file/d/1Xr2Gi5-Jf5wA33DyLzuPBSpOPFHywHeE/view?usp=drivesdk
1156,78 câu hạt nhân nguyên tử từ đề các trường 2019.doc,vat-ly-12,vat-ly,2000,4109,https://drive.google.com/file/d/1ZnQk2-9kdYJunzmAaeKpNZr3td5mSuBa/view?usp=drivesdk
1157,Bộ đề kiểm tra GIỮA KÌ 2 - VẬT LÍ 11 - FORM 2025 (Dùng chung 3 sách),vat-ly-11,vat-ly,299000,29362,https://drive.google.com/drive/folders/13T7XEfEOw9ugEPb9nYqo6xwWApNsyrSh?usp=drive_link
1158,CHUYÊN ĐỀ BÀI TẬP VẬT LÝ LỚP 11 - SÁCH MỚI - FORM 2025 (Dùng chung 3 sách KNTT - CTST - CD),vat-ly-11,vat-ly,699000,20493,https://drive.google.com/drive/folders/1bx7MIDb8Ko5rtWes_Ip-RRzXmWKXOTeT?usp=sharing
1159,"Gói chuyên đề dạy học đầy đủ cả năm - VẬT LÝ 11 - CÁNH DIỀU (Bài giảng, bài tập, ôn tập, đề thi)",vat-ly-11,vat-ly,499000,13675,https://drive.google.com/drive/u/0/folders/1Ww8GvCwelpMFp4-UASo4os1LnF4AV4EQ
1160,Chuyên đề bài tập dạy thêm dùng chung cho 3 sách - Vật Lý 11 - Năm 2024 (Bản word),vat-ly-11,vat-ly,499000,11480,https://drive.google.com/drive/u/0/folders/1Wpm90j94F-1zQBOC6VGGMlRgJt4vJoZI
1161,"GÓI KHBD TÍCH HỢP - VẬT LÝ 11 - KẾT NỐI TRI THỨC 2024 (Giáo án word SGK, giáo án word Chuyên đề, PPT SGK, PPT Chuyên đề)",vat-ly-11,vat-ly,599000,10820,https://drive.google.com/drive/folders/1QDoP1cLLxwlANPne6SlDBdEPALWeWXFL?usp=drive_link
1162,Chuyên đề bài tập VẬT LÝ 11 cả năm bản word (Sách Kết Nối Tri Thức) - 2024,vat-ly-11,vat-ly,499000,10801,https://drive.google.com/drive/u/0/folders/1ivXr3CGDClmpAKTO0r2LFErkly7Y_l75
1163,KHBD GIÁO ÁN WORD SÁCH CHUYÊN ĐỀ – VẬT LÍ 11- CẢ NĂM - [CÁNH DIỀU],vat-ly-11,vat-ly,399000,33437,https://drive.google.com/drive/folders/14RFXfev74NkZNOaoyIjEfLtkUHCfFBi4
1164,POWER POINT CHÍNH KHÓA – VẬT LÍ 11- CẢ NĂM - [CÁNH DIỀU],vat-ly-11,vat-ly,399000,33436,https://drive.google.com/drive/folders/1uM0ti_XvRTIEvXRU4tje0Rly1XlKp0uP
1165,KHBD GIÁO ÁN WORD CHÍNH KHÓA – VẬT LÍ 11- CẢ NĂM - [CÁNH DIỀU],vat-ly-11,vat-ly,399000,33435,https://drive.google.com/drive/folders/1MNqiKyJjWH2tguOIvKL-kXVvqHH6c2Wv
1166,KHBD GIÁO ÁN WORD SÁCH CHUYÊN ĐỀ – VẬT LÍ 11- CẢ NĂM - [CHÂN TRỜI SÁNG TẠO],vat-ly-11,vat-ly,399000,33256,https://drive.google.com/drive/folders/1-YnB1IP2OIF2AHFwloCRPU8r9PN5n1y4
1167,KHBD GIÁO ÁN WORD CHÍNH KHÓA – VẬT LÍ 11- CẢ NĂM - [CHÂN TRỜI SÁNG TẠO],vat-ly-11,vat-ly,399000,33231,https://drive.google.com/drive/folders/14fgijonrVetTsF0XKE7xJY0RDv8EVutM
1168,GIÁO ÁN POWER POINT VẬT LÝ 11 CTST,vat-ly-11,vat-ly,399000,30073,https://drive.google.com/drive/folders/1xmWA9ZXfU_fOv7Ln3ckENussrJUtO-ta?usp=drive_link
1169,Bộ đề kiểm tra CUỐI HỌC KÌ 1 - VẬT LÍ 11 - FORM 2025 (Dùng chung 3 sách),vat-ly-11,vat-ly,299000,29361,https://drive.google.com/drive/folders/1q1Z5wYOrkpsjJA3fks6nCyD_ycKJx8qJ?usp=drive_link
1170,Bộ đề kiểm tra GIỮA KÌ 1 - VẬT LÍ 11 - FORM 2025 (Dùng chung 3 sách),vat-ly-11,vat-ly,299000,25622,https://drive.google.com/drive/folders/1WbBa52ZRyNYMA4PQPXzsEL1RZaowEL-O?usp=drive_link
1171,BỘ ĐỀ ÔN TẬP KIỂM TRA CUỐI KÌ 2 VẬT LÝ 11 - KẾT NỐI TRI THỨC ( Theo minh họa 2025 ),vat-ly-11,vat-ly,299000,17313,https://drive.google.com/drive/folders/1eT1sVIErZIvf6WUGCN-ZC4LGYTKFhAUd?usp=drive_link
1172,BỘ ĐỀ ÔN TẬP KIỂM TRA GIỮA KÌ 2 VẬT LÝ 11 - KẾT NỐI TRI THỨC ( Theo minh họa 2025 ),vat-ly-11,vat-ly,299000,16761,https://drive.google.com/drive/folders/1BH_wvpV8wOiAts9AZRR_o-Yp2Gs83HLx?usp=drive_link
1173,BỘ ĐỀ ÔN TẬP KIỂM TRA CUỐI KÌ 1 VẬT LÝ 11 - KẾT NỐI TRI THỨC,vat-ly-11,vat-ly,120000,15115,https://drive.google.com/drive/folders/1FG06rTHk5S1H1MVi2pqRuEvRg-QaG7mq?usp=sharing
1174,ĐỀ ÔN KIỂM TRA GIỮA KÌ VẬT LÝ 11 - KNTT.zip,vat-ly-11,vat-ly,99000,13489,https://drive.google.com/drive/folders/14GBkRLEHFnrsLvbXX7b61ZIfF7GzIUS1?usp=sharing
1175,CHỦ ĐỀ STEM VẬT LÝ 11. THIẾT KẾ ĐỀN NGỦ TỰ ĐỘNG TẮT.doc,vat-ly-11,vat-ly,3000,11515,https://drive.google.com/file/d/1w4mEG1-0bQBoQHrv1HS7glpLPjTVaLOr/view?usp=drive_link
1176,CHỦ ĐỀ STEM VẬT LÝ 11. THIẾT KẾ ĐÈN NGỦ DÙNG NGUỒN ĐIỆN TỪ CỦ QUẢ.docx,vat-ly-11,vat-ly,3000,11514,https://drive.google.com/file/d/1y9QrONEbDNY0jrGlfwUs3sqgGqtBTagB/view?usp=drive_link
1177,CHỦ ĐỀ STEM VẬT LÝ 11. THIẾT BỊ CUNG CẤP ÔXI CHO PHÒNG KÍN.docx,vat-ly-11,vat-ly,3000,11513,https://drive.google.com/file/d/1kTuKQ7G0Ioo8Q7d97_D-XkuBlwvjRiGC/view?usp=drive_link
1178,CHỦ ĐỀ STEM VẬT LÝ 11. TẠO LỬA TỪ NƯỚC.docx,vat-ly-11,vat-ly,3000,11512,https://drive.google.com/file/d/1i52zKNGYB2X_DQmjSVniuzWF35pBDoM4/view?usp=drive_link
1179,CHỦ ĐỀ STEM VẬT LÝ 11. MÁY SẠC TỪ.docx,vat-ly-11,vat-ly,3000,11511,https://drive.google.com/file/d/1Ec31nuSkomXGXCHeuty2ASqccBzQ6pO1/view?usp=drive_link
1180,CHỦ ĐỀ STEM VẬT LÝ 11. MÁY PHÁT ĐIỆN XOAY CHIỀU.docx,vat-ly-11,vat-ly,3000,11510,https://drive.google.com/file/d/1l0eNwxSxEpaSEM0b23IiOjXvKQjrN6gC/view?usp=drive_link
1181,CHỦ ĐỀ STEM VẬT LÝ 11. KÍNH TIỀM VỌNG.docx,vat-ly-11,vat-ly,3000,11509,https://drive.google.com/file/d/1PhGq1x8RmdcZYW53aASiT9vVRMPdAGgN/view?usp=drive_link
1182,CHỦ ĐỀ STEM VẬT LÝ 11. HỖ TRỢ QUANG HỢP CÂY RONG.docx,vat-ly-11,vat-ly,3000,11508,https://drive.google.com/file/d/1GNnazgpzsKwxHVEtCog2NXp7PzD2rgAg/view?usp=drive_link
1183,CHỦ ĐỀ STEM VẬT LÝ 11. GẬY THÔNG MINH.docx,vat-ly-11,vat-ly,3000,11507,https://drive.google.com/file/d/1J4E1YeK1AppOWWnBjw-BH74uDSHe5xLj/view?usp=drive_link
1184,CHỦ ĐỀ STEM VẬT LÝ 11. ĐÈN NGỦ TIẾT KIỆM ĐIỆN TÍCH HỢP SẠC ĐIỆN THOẠI.docx,vat-ly-11,vat-ly,3000,11506,https://drive.google.com/file/d/1BdL05cTXRKbH1ia7C9nJucjouLIqZRfU/view?usp=drive_link
1185,CHỦ ĐỀ STEM VẬT LÝ 11. CHẾ TẠO PIN ĐIỆN HÓA.doc,vat-ly-11,vat-ly,3000,11505,https://drive.google.com/file/d/1sS9dj_NrqrlJRDKAeauUxreyqFahDcMa/view?usp=drive_link
1186,CHỦ ĐỀ STEM VẬT LÝ 11. CHẾ TẠO MÔ HÌNH QUẠT GIÓ VỚI ĐỘNG CƠ ĐƠN GIẢN.docx,vat-ly-11,vat-ly,3000,11504,https://drive.google.com/file/d/1nkbCVxxw26zEGAyLawg_3RAgQq4y3Hi6/view?usp=drive_link
1188,Đề ôn tập thi cuối HK2 - Vật Lý 11 - 2023 - 7 (Bản word có giải).docx,vat-ly-11,vat-ly,10000,9587,https://drive.google.com/file/d/1xWQBHXOLKl_HreAiJeXRwppNSSc4ixPF/view?usp=sharing
1189,Đề ôn tập thi cuối HK2 - Vật Lý 11 - 2023 - 6 (Bản word có giải).docx,vat-ly-11,vat-ly,10000,9586,https://drive.google.com/file/d/14QnH4KusVglBNhJXAsuqjrhET6Rcde0E/view?usp=sharing
1190,Đề ôn tập thi cuối HK2 - Vật Lý 11 - 2023 - 5 (Bản word có giải).docx,vat-ly-11,vat-ly,10000,9585,https://drive.google.com/file/d/1xOVPfjm5K6aNsGFBhYbLhdsDevanYZtN/view?usp=sharing
1191,Đề ôn tập thi cuối HK2 - Vật Lý 11 - 2023 - 4 (Bản word có giải).docx,vat-ly-11,vat-ly,10000,9584,https://drive.google.com/file/d/1yptjW3Prb5U_mkRuSTaDjqIbWSnmMAW0/view?usp=sharing
1192,Đề ôn tập thi cuối HK2 - Vật Lý 11 - 2023 - 3 (Bản word có giải).docx,vat-ly-11,vat-ly,10000,9583,https://drive.google.com/file/d/1zV26vaUZksJiwx9Hy327fVb7hcuI-sFe/view?usp=sharing
1193,Đề ôn tập thi cuối HK2 - Vật Lý 11 - 2023 - 2 (Bản word có giải).docx,vat-ly-11,vat-ly,10000,9582,https://drive.google.com/file/d/1bDB4ufeRbHfp0_wyEZa2_pb55FZctcOS/view?usp=sharing
1194,Đề ôn tập thi cuối HK2 - Vật Lý 11 - 2023 - 1 (Bản word có giải).docx,vat-ly-11,vat-ly,10000,9581,https://drive.google.com/file/d/1kGMHo8vFo8p7Y1T6axEbjMcnDnDSyvWj/view?usp=sharing
1195,BÀI 6. KÍNH THIÊN VĂN - Chu Văn Biên.doc,vat-ly-11,vat-ly,3000,4422,https://drive.google.com/file/d/1w6Or1ysDNPMpqr_U7fMOAUDqRP8RjDU1/view?usp=drivesdk
1196,BÀI 5. KÍNH HIỂN VI - Chu Văn Biên.doc,vat-ly-11,vat-ly,4000,4421,https://drive.google.com/file/d/1afcKILkB9A0DdmML20pdyELSiisWF4YQ/view?usp=drivesdk
1197,BÀI 4. KÍNH LÚP - Chu Văn Biên.doc,vat-ly-11,vat-ly,7000,4420,https://drive.google.com/file/d/1xtmaKiMuXD9U1e-wK_FSQ5rBHdIK-lRC/view?usp=drivesdk
1198,BÀI 3. MẮT - Chu Văn Biên.doc,vat-ly-11,vat-ly,8000,4419,https://drive.google.com/file/d/1Qq1fo1fVuEeTe8rbALblFU2TxSAcS0gQ/view?usp=drivesdk
1199,BÀI 2. THẤU KÍNH MỎNG - Chu Văn Biên.doc,vat-ly-11,vat-ly,9000,4418,https://drive.google.com/file/d/1cgHcr655XAGOpjrtD20UfaSEqi1GGz4d/view?usp=drivesdk
1200,BÀI 1. LĂNG KÍNH - Chu Văn Biên.doc,vat-ly-11,vat-ly,3000,4417,https://drive.google.com/file/d/1W8TbVFUgSqg1XdzkY_HjE6MfQG7UirNv/view?usp=drivesdk
1201,8. Mắt và các dụng cụ quang học - Nhóm giáo viên chuyên.doc,vat-ly-11,vat-ly,6000,4416,https://drive.google.com/file/d/16Yp2c76d7ap1NQTqtcu1ET-L5kZ1olDA/view?usp=drivesdk
1202,"7. Lăng kính, thấu kính - Nhóm giáo viên chuyên.doc",vat-ly-11,vat-ly,5000,4415,https://drive.google.com/file/d/1sBdthPmC8LXysJBIFRClx6GAnBfuy5vq/view?usp=drivesdk
1203,06_Hệ Thấu Kính - ĐẶNG VIỆT HÙNG.doc,vat-ly-11,vat-ly,4000,4414,https://drive.google.com/file/d/1R_C0Qte36N1wwpjn5bO48rfL8jK8kD1F/view?usp=drivesdk
1204,05_Kinh Thien Van - ĐẶNG VIỆT HÙNG.doc,vat-ly-11,vat-ly,2000,4413,https://drive.google.com/file/d/1-ZsrO0ZRtU7-zUhYa-xLO2O-m5PuXhUa/view?usp=drivesdk
1205,05_Các dạng bài tập Thấu Kính_P2 - ĐẶNG VIỆT HÙNG.doc,vat-ly-11,vat-ly,4000,4412,https://drive.google.com/file/d/1Fak12V9yfXj5VE56ZhZKtLOVN3WuT70a/view?usp=drivesdk
1206,04_Kinh Hien Vi - ĐẶNG VIỆT HÙNG.doc,vat-ly-11,vat-ly,2000,4411,https://drive.google.com/file/d/1FbjtE8xpBciQT3Odob-WHsg9UVMCiQeN/view?usp=drivesdk
1207,04_Các dạng bài tập Thấu Kính_P1 - ĐẶNG VIỆT HÙNG.doc,vat-ly-11,vat-ly,3000,4410,https://drive.google.com/file/d/1NIxCmmS0UEhi9DbzebWZkSo9pggZaE0K/view?usp=drivesdk
1208,03_Kinh Lup - ĐẶNG VIỆT HÙNG.doc,vat-ly-11,vat-ly,4000,4409,https://drive.google.com/file/d/1BSOKV9VUT84R_yDD6fuBDTM_ei7N9VUG/view?usp=drivesdk
1209,02_Các tật của Mắt và cách sửa_P2 - ĐẶNG VIỆT HÙNG.doc,vat-ly-11,vat-ly,4000,4408,https://drive.google.com/file/d/1F8KfscCHP7GBuwurdSdXSSCsxKN3O8UB/view?usp=drivesdk
1210,01_Lăng Kính - ĐẶNG VIỆT HÙNG.doc,vat-ly-11,vat-ly,4000,4407,https://drive.google.com/file/d/1gZFIWoRbRbsZZ2Syr8Ndto-B-SvPpjT1/view?usp=drivesdk
1211,01_Các tật của Mắt và cách sửa_P1 - ĐẶNG VIỆT HÙNG.doc,vat-ly-11,vat-ly,4000,4406,https://drive.google.com/file/d/18KwGsGUqP_90xqsPsiYXA6mKQnzhqWi-/view?usp=drivesdk
1212,CHỦ ĐỀ 7. MẮT VÀ CÁC DỤNG CỤ QUANG HỌC - Trịnh Minh Hiệp.doc,vat-ly-11,vat-ly,5000,4405,https://drive.google.com/file/d/1yurdmnlzzbvvk6UComIXp-otu1duLGQL/view?usp=drivesdk
1213,Ôn tập về thấu kính và mắt - 34 trang - Nhóm TVVL.doc,vat-ly-11,vat-ly,5000,4404,https://drive.google.com/file/d/1eRU98JXpxM8XQ1-TJjrdVgxYVKDtn7dy/view?usp=drivesdk
1214,CHUYÊN ĐỀ 7. MẮT VÀ CÁC DỤNG CỤ QUANG HỌC - PGS.TS Nguyễn Quang Lạc.doc,vat-ly-11,vat-ly,5000,4403,https://drive.google.com/file/d/1TThrWXIAhhKiRwAqtdQqzAnyIRr0a0fV/view?usp=drivesdk
1215,Chuyên đề 3. Mắt - Tăng Hải Tuân.doc,vat-ly-11,vat-ly,4000,4402,https://drive.google.com/file/d/1pT_Tl5cOxcy-3nbcVs4HiLLpj2JxsXey/view?usp=drivesdk
1216,Chuyên đề 2. Thấu kính - Tăng Hải Tuân.doc,vat-ly-11,vat-ly,7000,4401,https://drive.google.com/file/d/1xoVekATV3IGcXHunTsqlnV-0NQiP2NkU/view?usp=drivesdk
1217,Chuyên đề 1. Lăng kính - Tăng Hải Tuân.doc,vat-ly-11,vat-ly,3000,4400,https://drive.google.com/file/d/1WTKslqGx9pCg-w6-XxxnjiwKUmgtlMbC/view?usp=drivesdk
1218,Chương 8 - Mắt và các dụng cụ quang học - 68 trang - Nhóm TVVL.doc,vat-ly-11,vat-ly,5000,4399,https://drive.google.com/file/d/1bdYPO5sIjLVddsC23-0nUZ5hklX9_4Fj/view?usp=drivesdk
1219,"Chương 7 - Lăng kính, thấu kính - 54 trang - Nhóm TVVL.docx",vat-ly-11,vat-ly,5000,4398,https://drive.google.com/file/d/1lYFTeaZc-HY1bJ6YuWZiqPlqu-OBPaxO/view?usp=drivesdk
1220,Bổ trợ ôn thi THPTQG Bài 3. QUANG HÌNH HỌC.doc,vat-ly-11,vat-ly,3000,4397,https://drive.google.com/file/d/1eo9U-Q1_y268TUz1O4q2VjP-UDlzV10q/view?usp=drivesdk
1221,BÀI 2. PHẢN XẠ TOÀN PHẦN - Chu Văn Biên.doc,vat-ly-11,vat-ly,3000,4396,https://drive.google.com/file/d/1PppxGZFDsvA0_oKM0pccsnPRpCdtxdeo/view?usp=drivesdk
1222,BÀI 1. KHÚC XẠ ÁNH SÁNG - Chu Văn Biên.doc,vat-ly-11,vat-ly,5000,4395,https://drive.google.com/file/d/1YX7aWluYAUESKIGScccc2sVJPKw1ltfu/view?usp=drivesdk
1223,CHỦ ĐỀ 6. KHÚC XẠ ÁNH SÁNG - Trịnh Minh Hiệp.doc,vat-ly-11,vat-ly,4000,4394,https://drive.google.com/file/d/1ecgUohQ3xywFbb9CLsIcx7JkMtYA6kjg/view?usp=drivesdk
1224,6. Khúc xạ ánh sáng - Nhóm giáo viên chuyên.doc,vat-ly-11,vat-ly,4000,4393,https://drive.google.com/file/d/16DjhWhO2fW8W8w-E4qBJg1Rs7slKKJEV/view?usp=drivesdk
1225,03_Lưỡng chất phẳng - Bản mặt song song - ĐẶNG VIỆT HÙNG.doc,vat-ly-11,vat-ly,4000,4392,https://drive.google.com/file/d/1VrxM_b18_-KHh28cSQ-LKxiI_OMbZZOX/view?usp=drivesdk
1226,02_Hiện tượng Phản Xạ Toàn Phần - ĐẶNG VIỆT HÙNG.doc,vat-ly-11,vat-ly,3000,4391,https://drive.google.com/file/d/1X0plq8rUazpKCjiFGBJvYPB8SpTP2Xr0/view?usp=drivesdk
1227,01_Hiện tượng Khúc xạ ánh sáng - ĐẶNG VIỆT HÙNG.doc,vat-ly-11,vat-ly,4000,4390,https://drive.google.com/file/d/1ZUI7xFvgiwr92BCpKPGjMH6gT8wiopwk/view?usp=drivesdk
1228,Ôn tập vật lý 11 - Quang Hình.doc,vat-ly-11,vat-ly,2000,4389,https://drive.google.com/file/d/13_1gAK_Jxtra0oaOGEmE1PCDLoflhlzc/view?usp=drivesdk
1229,KHÚC XẠ ÁNH SÁNG - Tăng Hải Tuân.doc,vat-ly-11,vat-ly,3000,4388,https://drive.google.com/file/d/1Lvy9it2PARM6Fik2vAa70tj-AHw7ZAvU/view?usp=drivesdk
1230,CHUYÊN ĐỀ 6. KHÚC XẠ ÁNH SÁNG - PGS.TS Nguyễn Quang Lạc.doc,vat-ly-11,vat-ly,4000,4387,https://drive.google.com/file/d/1ph2ptEnlrPV9siR_aFVELt9FjesdJVUX/view?usp=drivesdk
1231,Chương 6 - Khúc xạ ánh sáng - 23 trang - Nhóm TVVL.docx,vat-ly-11,vat-ly,4000,4386,https://drive.google.com/file/d/1EjgDisg81GPMveqTa-it60j3Si0DHOqS/view?usp=drivesdk
1232,CASIO VAT LY 11 - QUANG HOC.doc,vat-ly-11,vat-ly,3000,4385,https://drive.google.com/file/d/1C-0BUuRceTMxy4p9QkjLf4SCKxKXZ8Zo/view?usp=drivesdk
1233,83 bài tập trắc nghiệm Vật lý 11 chương 6 - Khúc xạ ánh sáng - Thấu kính hay và khó - File word có đáp án.doc,vat-ly-11,vat-ly,2000,4384,https://drive.google.com/file/d/1rNRQxDygGsPVK4X3_sX_k2U4vV0w_7ll/view?usp=drivesdk
1234,BÀI 3. TỰ CẢM - Chu Văn Biên.doc,vat-ly-11,vat-ly,3000,4383,https://drive.google.com/file/d/1OR6lg8fmL7fTBRDLtXwa0YZJ1BmQRwee/view?usp=drivesdk
1235,BÀI 2. SUẤT ĐIỆN ĐỘNG CẢM ỨNG - Chu Văn Biên.doc,vat-ly-11,vat-ly,6000,4382,https://drive.google.com/file/d/1WzKvSSdxbwcv6d7MB-eb3IcOnx24HV0y/view?usp=drivesdk
1236,BÀI 1. TỪ THÔNG. CẢM ỨNG ĐIỆN TỪ - Chu Văn Biên.doc,vat-ly-11,vat-ly,4000,4381,https://drive.google.com/file/d/1usYBqhjE1WOAnfPraR6x6D_0jPPqsJgo/view?usp=drivesdk
1237,5. Cảm ứng điện từ - Nhóm giáo viên chuyên.doc,vat-ly-11,vat-ly,4000,4380,https://drive.google.com/file/d/1o7E3AYz0DbcOA3_9aqooL6alSVP1uSBz/view?usp=drivesdk
1238,04_Hiện tượng Tự Cảm - ĐẶNG VIỆT HÙNG.doc,vat-ly-11,vat-ly,3000,4379,https://drive.google.com/file/d/1Ays2NQYLgLD1IV1UHfpPp5ujk-EKDlWI/view?usp=drivesdk
1239,03_Suất điện động trong đoạn dây dẫn chuyển động - ĐẶNG VIỆT HÙNG.doc,vat-ly-11,vat-ly,3000,4378,https://drive.google.com/file/d/1g78vXdHyC_eajg2YHkZy0LLfo86qWIkL/view?usp=drivesdk
1240,02_Bài tập về Từ thông và Cảm ứng điện từ - ĐẶNG VIỆT HÙNG.doc,vat-ly-11,vat-ly,3000,4377,https://drive.google.com/file/d/1OBDFENjpw18QFdyeyQQXOkXWEQZ10IjD/view?usp=drivesdk
1241,01_Lý thuyết Từ thông và Cảm ứng điện từ - ĐẶNG VIỆT HÙNG.doc,vat-ly-11,vat-ly,3000,4376,https://drive.google.com/file/d/1ZP7D7w8iKLbaQLO9NYyyuKkq5QBCyTzU/view?usp=drivesdk
1242,Bổ trợ ôn thi THPTQG Bài 2. TỪ TRƯỜNG VÀ CẢM ỨNG ĐIỆN TỪ.doc,vat-ly-11,vat-ly,3000,4375,https://drive.google.com/file/d/1DneZmWv6UbfU5wmFfPtraPkWLqQxTzOV/view?usp=drivesdk
1243,CHỦ ĐỀ 5. CẢM ỨNG ĐIỆN TỪ - Trịnh Minh Hiệp.doc,vat-ly-11,vat-ly,4000,4374,https://drive.google.com/file/d/1E97fA0-XgTgGHWmT7Z8smzNw09URvefh/view?usp=drivesdk
1244,Ôn tập vật lý 11 - Cảm ứng điện từ.doc,vat-ly-11,vat-ly,2000,4373,https://drive.google.com/file/d/1YdAgKJVYNBTcGczjXrvfGi2r1MBoAAwl/view?usp=drivesdk
1245,Kiến thức cần nhớ Cảm ứng điện từ - Tăng Hải Tuân.doc,vat-ly-11,vat-ly,1000,4372,https://drive.google.com/file/d/1i4zTKxGKpRBiVeLSr74lrcOoJ8CC30r1/view?usp=drivesdk
1246,Dạng 4. Tự cảm – Suất điện động tự cảm – Năng lượng từ trường - Tăng Hải Tuân.doc,vat-ly-11,vat-ly,4000,4371,https://drive.google.com/file/d/11_AK4PFw1AHci7pNOaPhNHAjixK0dC7z/view?usp=drivesdk
1247,Dạng 3. Suất điện động cảm ứng trong một đoạn dây chuyển động - Tăng Hải Tuân.doc,vat-ly-11,vat-ly,1000,4370,https://drive.google.com/file/d/1d0UYV42AjSTHMOKSiRGA63cibkYwxjfz/view?usp=drivesdk
1248,Dạng 2. Tính suất điện động và cường độ dòng điện cảm ứng - Tăng Hải Tuân.doc,vat-ly-11,vat-ly,2000,4369,https://drive.google.com/file/d/1kDUVoLah2duslgXdKO3DLj-Vbnxmb_fI/view?usp=drivesdk
1249,Dạng 1. Xác định chiều của dòng điện cảm ứng - Tăng Hải Tuân.doc,vat-ly-11,vat-ly,1000,4368,https://drive.google.com/file/d/1RMjZHHFBhqUV12zIadOPpuTek8bty2QM/view?usp=drivesdk
1250,CHUYÊN ĐỀ 5. CẢM ỨNG ĐIỆN TỪ - PGS.TS Nguyễn Quang Lạc.doc,vat-ly-11,vat-ly,2000,4367,https://drive.google.com/file/d/1882xTo3UmXGenYEPnoYj-UzHa7AoN7Ah/view?usp=drivesdk
1251,Chương 5 - Cảm ứng điện từ - 31 trang - Nhóm TVVL.docx,vat-ly-11,vat-ly,4000,4366,https://drive.google.com/file/d/16_ZCEPPKaBRiqjAe_lrPs7FCZtGHJgYg/view?usp=drivesdk
1252,Các dạng bài tập về cảm ứng điện từ.doc,vat-ly-11,vat-ly,2000,4365,https://drive.google.com/file/d/1s-55L_-riBxoysvrRmZ1sIeigvVQBOZs/view?usp=drivesdk
1253,75 câu hỏi trắc nghiệm - Cảm ứng điện từ - File word có lời giải chi tiết.doc,vat-ly-11,vat-ly,3000,4364,https://drive.google.com/file/d/1-Nkie9Ppcl97bp_AQ0GPpDWI9hbwfIKx/view?usp=drivesdk
1254,BÀI 4. LỰC LO-REN-XƠ - Chu Văn Biên.doc,vat-ly-11,vat-ly,3000,4363,https://drive.google.com/file/d/1D3pyHVBDuRZuDNCFol7CURGRux55Z4-y/view?usp=drivesdk
1255,BÀI 3. TỪ TRƯỜNG CỦA DÒNG ĐIỆN CHẠY TRONG CÁC DÂY DẪN CÓ HÌNH DẠNG ĐẶC BIỆT - Chu Văn Biên.doc,vat-ly-11,vat-ly,6000,4362,https://drive.google.com/file/d/1RSciZzia5N4hEjVk_P_zKrMDmbCGFNvD/view?usp=drivesdk
1256,BÀI 2. LỰC TỪ. CẢM ỨNG TỪ - Chu Văn Biên.doc,vat-ly-11,vat-ly,6000,4361,https://drive.google.com/file/d/1exgE8_q0-ejUul9fvVZumM1x9n-0Dnzz/view?usp=drivesdk
1257,Bộ đề kiểm tra GIỮA KÌ 2 - VẬT LÍ 10 - FORM 2025 (Dùng chung 3 sách),vat-ly-10,vat-ly,299000,29359,https://drive.google.com/drive/folders/1uh5xj5hppGGg2Zi8q70MMgwqgawfvMnh?usp=drive_link
1258,CHUYÊN ĐỀ BÀI TẬP VẬT LÝ LỚP 10 - SÁCH MỚI - FORM 2025 (Dùng chung 3 sách KNTT - CTST - CD),vat-ly-10,vat-ly,699000,20492,https://drive.google.com/drive/folders/1YVaGC6zq5tp4tEWIYXRZ-BwkxLv_3O2F?usp=drive_link
1259,TỔNG HỢP ĐỀ KIỂM TRA HK 2 ( GK2 +CK2) VẬT LÝ 10 MỚI CÁC TRƯỜNG 2022 - 2023.zip,vat-ly-10,vat-ly,250000,13997,https://drive.google.com/drive/folders/16sJoKyyx9NOfTIkBI5gFlYBsGGfDqUUe?usp=drive_link
1260,TỔNG HỢP ĐỀ KIỂM TRA HK1 ( GK1 +CK1) VẬT LÝ 10 MỚI CÁC TRƯỜNG 2022 - 2023.zip,vat-ly-10,vat-ly,250000,12899,https://drive.google.com/drive/folders/1qeAnDlghaUEXy1tgNX58DY2M3xGWkIn7?usp=drive_link
1261,Tài liệu dạy thêm môn Vật Lý lớp 10 word (theo chương trình GDPT MỚI dùng cho 3 sách).zip,vat-ly-10,vat-ly,399000,11982,https://drive.google.com/drive/u/0/folders/1VJdS3_ymfI2R9oj6aHmZPUWfukphrYLu
1262,"Tài liệu giảng dạy tổng hợp cả năm - Vật lý 10 - KẾT NỐI TRI THỨC (Bài tập, KHBD, PPT).zip",vat-ly-10,vat-ly,599000,11717,https://drive.google.com/drive/folders/1pnJB3Sfy5VWK0T4vKWXPrFGN0Azlj_0f?usp=drive_link
1263,"Tài liệu giảng dạy tổng hợp cả năm - Vật lý 10 - CHÂN TRỜI SÁNG TẠO (Bài tập, KHBD, PPT).zip",vat-ly-10,vat-ly,599000,11716,https://drive.google.com/drive/folders/15iGB7DBZHDfd3jeJdXOkC_YpRTDB_gfd?usp=drive_link
1264,Chuyên đề bài tập chuyên sâu - Vật Lý 10 - Kết nối tri thức (HK2).zip,vat-ly-10,vat-ly,199000,10507,https://drive.google.com/drive/folders/1QhVZFjGQ1n4smy4fNY1ffbjkXMIpWq2J?usp=sharing
1265,Chuyên đề bài tập chuyên sâu - Vật Lý 10 - Kết nối tri thức (HK1).zip,vat-ly-10,vat-ly,199000,10506,https://drive.google.com/drive/folders/1CY24drv_xfYcW9ghTqOQu6BuS9EWGbNm?usp=sharing
1266,Chuyên đề bài tập - Vật Lý 10 - Chân trời sáng tạo (Cả năm).zip,vat-ly-10,vat-ly,299000,10501,https://drive.google.com/file/d/1OhiprdclwKHYaokUR9s5x6moR4z1lc2K/view?usp=sharing
1267,PowerPoint KHBD - HK1 - VẬT LÝ 10 - Cánh Diều.rar,vat-ly-10,vat-ly,199000,10362,https://drive.google.com/drive/folders/1YET_co3WJw7nm-Ain-mQsRqNHScDCglk?usp=sharing
1268,PowerPoint + KHBD - VẬT LÝ 10 - HK2 - Kết nối tri thức.rar,vat-ly-10,vat-ly,199000,10343,https://drive.google.com/drive/folders/1b9oGCgeQpjloDETdzPqBoAkpbAmYaYBo?usp=sharing
1269,PowerPoint + KHBD - VẬT LÝ 10 - HK1 - Kết nối tri thức.rar,vat-ly-10,vat-ly,199000,10341,https://drive.google.com/drive/folders/19n7QUAZVNpPR34P822EokxLfqljBPkr1?usp=sharing
1270,PowerPoint - HK2 - VẬT LÝ 10 - Chân trời sáng tạo.rar,vat-ly-10,vat-ly,150000,10340,https://drive.google.com/drive/folders/1tD77yFxG0nC0lZ-hqocPjVqEwlDWmINV?usp=sharing
1271,PowerPoint - HK1 - VẬT LÝ 10 - Chân trời sáng tạo.rar,vat-ly-10,vat-ly,150000,10339,https://drive.google.com/drive/folders/1q0ar3sd7A1dBoLFpRgOPzg_PFIn2LGQP?usp=sharing
1274,"[File nén] - 22 đề ôn tập cuối HK2 Vật Lý 10 sách mới 2023 (KNTT, CTST, CD) - bản word có giải.zip",vat-ly-10,vat-ly,199000,9580,https://drive.google.com/drive/folders/1RFl_iwHJkDbVhpAVj4CLUB7aC4X2xZ18?usp=sharing
1275,KHBD giáo án Vật Lý 10 - KẾT NỐI TRI THỨC VỚI CUỘC SỐNG.zip,vat-ly-10,vat-ly,299000,8180,https://drive.google.com/drive/folders/1JjXakVOXrkEMHqUAV1nZaceuoiusEhuF?usp=sharing
1276,File nén - Giáo án chuyên đề Vật Lý 10 - Chân trời sáng tạo (CTST).zip,vat-ly-10,vat-ly,99000,8179,https://drive.google.com/drive/folders/1zKzbEZXLAz0f5l6NKbKmtRX1HC6PXhij?usp=drive_link
1277,[File nén] - GIÁO ÁN - KHBD VẬT LÝ 10 - Chân trời sáng tạo.zip,vat-ly-10,vat-ly,199000,8168,https://drive.google.com/drive/folders/1OIIVGCvhfhzGg1z1R0CyLQhBukE7QA16?usp=sharing
1278,[Chuyên đề] - CĐ LÝ 10 - Soạn bởi giáo viên Đặng Việt Hùng (HOT).zip,vat-ly-10,vat-ly,299000,1293,https://drive.google.com/drive/folders/1FXBuRrXtT6Ff66HIjc6gD5rqGyGXwSPQ?usp=sharing
1279,[HSG] - 56 đề thi học sinh giỏi Vật Lý lớp 10 [File Word].zip,vat-ly-10,vat-ly,50000,1112,https://drive.google.com/drive/folders/1bv8nT1bk0zZUXRVGRHFBskGWHknC3BQW?usp=sharing
1280,[Chuyên đề] - CĐ LÝ 10 - Soạn bởi Chu Văn Biên.zip,vat-ly-10,vat-ly,299000,1099,https://drive.google.com/drive/folders/1Q_6DNqkc3w4hz7nzqOg5PGoFHBZGI5Or?usp=sharing
1281,Bộ đề kiểm tra CUỐI HỌC KÌ 2 - VẬT LÍ 10 - FORM 2025 (Dùng chung 3 sách),vat-ly-10,vat-ly,299000,29360,https://drive.google.com/drive/folders/1XX99bOHlP5C33J4pOJyKreTfVACP21Ac?usp=drive_link
1282,Bộ đề kiểm tra CUỐI HỌC KÌ 1 - VẬT LÍ 10 - FORM 2025 (Dùng chung 3 sách),vat-ly-10,vat-ly,299000,29358,https://drive.google.com/drive/folders/12GAAG4NRVXWLADGBT0JBowJWY2quEkny?usp=drive_link
1283,Bộ đề kiểm tra GIỮA KÌ 1 - VẬT LÍ 10 - FORM 2025 (Dùng chung 3 sách),vat-ly-10,vat-ly,299000,25621,https://drive.google.com/drive/folders/1XkTVcpX8iCmAy00ltF2cg6sJQJr1K9sP?usp=drive_link
1284,Giáo án Power Point Vật Lí 10 cả năm (CÁNH DIỀU).zip,vat-ly-10,vat-ly,399000,12234,https://drive.google.com/drive/u/0/folders/1a9Qy0fHkeZZ9Sjq_Bj_IT7mGlda3qBaW
1285,Giáo án KHBD SGK Vật Lí 10 cánh diều cả năm (bản word).docx,vat-ly-10,vat-ly,299000,12233,https://drive.google.com/file/d/13jJxx-rtoSpHREupIVUAd2Rqb6T7EGnL/view?usp=drive_link
1286,Giáo án Word + PPT tích hợp sách Chuyên Đề - Vật Lý 10 - KẾT NỐI TRI THỨC.zip,vat-ly-10,vat-ly,299000,12068,https://drive.google.com/drive/u/0/folders/19Ku1Y-4h-24NRaHgd89whVEw3zlOEI_q
1287,Giáo án sách chuyên đề Vật Lý 10 - KẾT NỐI TRI THỨC - Cả năm - Word (10 bài).docx,vat-ly-10,vat-ly,299000,12002,https://drive.google.com/file/d/1latucCm5NqEq3zQk7uGAd7iF8cN9HEn2/view?usp=drive_link
1288,Giáo án sách chuyên đề Vật Lý 10 - CHÂN TRỜI SÁNG TẠO - Cả năm - Word (10 bài).docx,vat-ly-10,vat-ly,299000,12001,https://drive.google.com/file/d/1GUPD6RqYwbR5pWnxpU_bK5J4u63eV2fy/view?usp=drive_link
1289,Giáo án sách chuyên đề Vật Lý 10 - CÁNH DIỀU - Cả năm - Word (7 bài).docx,vat-ly-10,vat-ly,299000,12000,https://drive.google.com/file/d/1jzwEM5-LaYwq6ldKhBvISOWinHOCiL7T/view?usp=drive_link
1290,Giáo án chuyên đề vật lí 10 chân trời sáng tạo (Bản word).zip,vat-ly-10,vat-ly,150000,11714,https://drive.google.com/drive/u/0/folders/1zKzbEZXLAz0f5l6NKbKmtRX1HC6PXhij
1291,CHỦ ĐỀ STEM VẬT LÝ 10. XE PHẢN LỰC.doc,vat-ly-10,vat-ly,4000,11501,https://drive.google.com/file/d/1V2Yi-lq_5dpYD_ZauHVnEOh8Ei3YDo0q/view?usp=drive_link
1292,CHỦ ĐỀ STEM VẬT LÝ 10. XE ĐUA BẰNG PHẢN LỰC CT.docx,vat-ly-10,vat-ly,4000,11500,https://drive.google.com/file/d/168TwAKvcTzUlnw6-yvcGQcZx5ofvUfuC/view?usp=drive_link
1293,CHỦ ĐỀ STEM VẬT LÝ 10. TRỒNG CÂY VỚI DUNG DỊCH THỦY CANH.docx,vat-ly-10,vat-ly,4000,11499,https://drive.google.com/file/d/1Hr-cE0WeY-BZbNy-V-92YJw_ORwfMDmT/view?usp=drive_link
1294,CHỦ ĐỀ STEM VẬT LÝ 10. TÊN LỦA MINI.docx,vat-ly-10,vat-ly,4000,11498,https://drive.google.com/file/d/1f2Zsq0xvk7MvC9xR4gX9Yt_AL7_UfGu1/view?usp=drive_link
1295,CHỦ ĐỀ STEM VẬT LÝ 10. MÁY QUAY LI TÂM ĐƠN GIẢN.docx,vat-ly-10,vat-ly,4000,11497,https://drive.google.com/file/d/1-KXUiPAZEMRDM-0gSHOZ7iIwbibbt_hc/view?usp=drive_link
1296,CHỦ ĐỀ STEM VẬT LÝ 10. HỆ THỐNG TƯỚI CÂY.docx,vat-ly-10,vat-ly,4000,11496,https://drive.google.com/file/d/16g-WnSOqnJ8pRUtkjDUg4sO5nYFp_xp6/view?usp=drive_link
1297,CHỦ ĐỀ STEM VẬT LÝ 10. MÁY BẮN ĐÁ.docx,vat-ly-10,vat-ly,4000,11495,https://drive.google.com/file/d/1Fh74SLY0peXAFoe0oEhgs7bVeyMOu2sg/view?usp=drive_link
1298,Đề thi cuối học kì 2 môn Vật Lý 10 sách Cánh Diều - Đề 1 (Bản word có lời giải).docx,vat-ly-10,vat-ly,10000,9617,https://drive.google.com/file/d/1sFyjAQuTP-jlgkqaxa2QPCqBBd0STzgZ/view?usp=sharing
